cluster_id,metacluster_id,is_train
c014,c1,1
c021,c1,0
c004,c1,0
c032,c1,0
c078,c5,0
c075,c3,1
c077,c5,0
c086,c5,0
c042,c1,0
c053,c3,0
c030,c2,1
c084,c3,0
c009,c2,0
c093,c3,0
c021,c1,0
c033,c1,1
c097,c5,0
c063,c3,0
c078,c5,0
c070,c5,0
c006,c2,1
c038,c2,0
c004,c1,0
c034,c1,0
c037,c2,0
c065,c3,1
c034,c1,0
c029,c2,0
c004,c1,0
c031,c1,0
c071,c3,1
c079,c5,0
c065,c3,0
c093,c3,0
c010,c2,0
c097,c5,1
c024,c1,0
c100,c5,0
c091,c3,0
c068,c5,0
c016,c2,1
c010,c2,0
c080,c5,0
c079,c5,0
c073,c3,0
c065,c3,1
c063,c3,0
c088,c5,0
c079,c5,0
c002,c1,0
c092,c3,1
c021,c1,0
c092,c3,0
c079,c5,0
c071,c3,0
c088,c5,1
c028,c2,0
c071,c3,0
c007,c2,0
c032,c1,0
c034,c1,1
c087,c5,0
c100,c5,0
c067,c5,0
c099,c5,0
c096,c5,1
c091,c3,0
c048,c2,0
c100,c5,0
c024,c1,0
c097,c5,1
c018,c2,0
c097,c5,0
c099,c5,0
c080,c5,0
c084,c3,1
c021,c1,0
c023,c1,0
c002,c1,0
c030,c2,0
c081,c3,1
c021,c1,0
c078,c5,0
c031,c1,0
c002,c1,0
c071,c3,1
c081,c3,0
c014,c1,0
c020,c2,0
c028,c2,0
c024,c1,1
c081,c3,0
c021,c1,0
c065,c3,0
c091,c3,0
c079,c5,1
c002,c1,0
c081,c3,0
c100,c5,0
c086,c5,0
c078,c5,1
c061,c3,0
c011,c1,0
c099,c5,0
c014,c1,0
c098,c5,1
c073,c3,0
c039,c2,0
c094,c3,0
c013,c1,0
c054,c3,1
c012,c1,0
c091,c3,0
c037,c2,0
c090,c5,0
c090,c5,1
c026,c2,0
c004,c1,0
c001,c1,0
c077,c5,0
c026,c2,1
c065,c3,0
c081,c3,0
c090,c5,0
c074,c3,0
c004,c1,1
c002,c1,0
c073,c3,0
c002,c1,0
c013,c1,0
c004,c1,1
c090,c5,0
c018,c2,0
c013,c1,0
c099,c5,0
c084,c3,1
c081,c3,0
c034,c1,0
c049,c2,0
c100,c5,0
c032,c1,1
c021,c1,0
c098,c5,0
c042,c1,0
c041,c1,0
c036,c2,1
c083,c3,0
c068,c5,0
c009,c2,0
c097,c5,0
c078,c5,1
c071,c3,0
c032,c1,0
c040,c2,0
c022,c1,0
c001,c1,1
c011,c1,0
c037,c2,0
c028,c2,0
c081,c3,0
c031,c1,1
c077,c5,0
c068,c5,0
c026,c2,0
c088,c5,0
c061,c3,1
c036,c2,0
c038,c2,0
c070,c5,0
c004,c1,0
c093,c3,1
c021,c1,0
c052,c3,0
c068,c5,0
c021,c1,0
c098,c5,1
c027,c2,0
c099,c5,0
c080,c5,0
c084,c3,0
c099,c5,1
c080,c5,0
c080,c5,0
c029,c2,0
c089,c5,0
c092,c3,1
c073,c3,0
c026,c2,0
c100,c5,0
c097,c5,0
c037,c2,1
c072,c3,0
c100,c5,0
c093,c3,0
c061,c3,0
c067,c5,1
c011,c1,0
c011,c1,0
c097,c5,0
c081,c3,0
c091,c3,1
c089,c5,0
c001,c1,0
c075,c3,0
c018,c2,0
c024,c1,1
c068,c5,0
c100,c5,0
c090,c5,0
c065,c3,0
c077,c5,1
c006,c2,0
c084,c3,0
c017,c2,0
c100,c5,0
c014,c1,1
c083,c3,0
c070,c5,0
c021,c1,0
c078,c5,0
c021,c1,1
c014,c1,0
c031,c1,0
c026,c2,0
c088,c5,0
c080,c5,1
c065,c3,0
c078,c5,0
c031,c1,0
c021,c1,0
c007,c2,1
c078,c5,0
c078,c5,0
c007,c2,0
c040,c2,0
c012,c1,1
c008,c2,0
c091,c3,0
c068,c5,0
c062,c3,0
c004,c1,1
c047,c2,0
c019,c2,0
c080,c5,0
c091,c3,0
c091,c3,1
c081,c3,0
c018,c2,0
c002,c1,0
c014,c1,0
c033,c1,1
c070,c5,0
c021,c1,0
c010,c2,0
c069,c5,0
c074,c3,1
c008,c2,0
c002,c1,0
c031,c1,0
c071,c3,0
c031,c1,1
c005,c1,0
c033,c1,0
c084,c3,0
c098,c5,0
c029,c2,1
c061,c3,0
c029,c2,0
c052,c3,0
c030,c2,0
c023,c1,1
c001,c1,0
c055,c3,0
c011,c1,0
c097,c5,0
c010,c2,1
c091,c3,0
c019,c2,0
c034,c1,0
c039,c2,0
c073,c3,1
c100,c5,0
c020,c2,0
c061,c3,0
c099,c5,0
c007,c2,1
c040,c2,0
c011,c1,0
c003,c1,0
c034,c1,0
c038,c2,1
c080,c5,0
c001,c1,0
c027,c2,0
c061,c3,0
c073,c3,1
c008,c2,0
c021,c1,0
c031,c1,0
c064,c3,0
c002,c1,1
c065,c3,0
c089,c5,0
c064,c3,0
c004,c1,0
c032,c1,1
c068,c5,0
c049,c2,0
c031,c1,0
c099,c5,0
c080,c5,1
c077,c5,0
c100,c5,0
c093,c3,0
c009,c2,0
c067,c5,1
c030,c2,0
c080,c5,0
c023,c1,0
c022,c1,0
c050,c2,1
c006,c2,0
c001,c1,0
c089,c5,0
c031,c1,0
c068,c5,1
c004,c1,0
c099,c5,0
c065,c3,0
c022,c1,0
c029,c2,1
c074,c3,0
c100,c5,0
c030,c2,0
c077,c5,0
c070,c5,1
c097,c5,0
c074,c3,0
c064,c3,0
c016,c2,0
c031,c1,1
c009,c2,0
c012,c1,0
c037,c2,0
c080,c5,0
c023,c1,1
c100,c5,0
c091,c3,0
c079,c5,0
c079,c5,0
c002,c1,1
c038,c2,0
c074,c3,0
c100,c5,0
c087,c5,0
c022,c1,1
c008,c2,0
c047,c2,0
c100,c5,0
c017,c2,0
c031,c1,1
c020,c2,0
c038,c2,0
c052,c3,0
c032,c1,0
c054,c3,1
c096,c5,0
c088,c5,0
c021,c1,0
c100,c5,0
c040,c2,1
c011,c1,0
c089,c5,0
c006,c2,0
c013,c1,0
c093,c3,1
c001,c1,0
c098,c5,0
c028,c2,0
c034,c1,0
c100,c5,1
c065,c3,0
c077,c5,0
c026,c2,0
c027,c2,0
c100,c5,1
c054,c3,0
c021,c1,0
c009,c2,0
c099,c5,0
c004,c1,1
c024,c1,0
c011,c1,0
c087,c5,0
c029,c2,0
c080,c5,1
c030,c2,0
c090,c5,0
c040,c2,0
c009,c2,0
c092,c3,1
c082,c3,0
c084,c3,0
c022,c1,0
c065,c3,0
c067,c5,1
c072,c3,0
c024,c1,0
c052,c3,0
c037,c2,0
c098,c5,1
c003,c1,0
c020,c2,0
c097,c5,0
c062,c3,0
c004,c1,1
c014,c1,0
c063,c3,0
c013,c1,0
c084,c3,0
c068,c5,1
c099,c5,0
c061,c3,0
c055,c3,0
c001,c1,0
c049,c2,1
c055,c3,0
c011,c1,0
c030,c2,0
c074,c3,0
c080,c5,1
c019,c2,0
c024,c1,0
c100,c5,0
c080,c5,0
c077,c5,1
c070,c5,0
c061,c3,0
c027,c2,0
c002,c1,0
c008,c2,1
c004,c1,0
c092,c3,0
c016,c2,0
c001,c1,0
c088,c5,1
c079,c5,0
c040,c2,0
c020,c2,0
c061,c3,0
c096,c5,1
c012,c1,0
c062,c3,0
c080,c5,0
c031,c1,0
c029,c2,1
c019,c2,0
c090,c5,0
c038,c2,0
c038,c2,0
c099,c5,1
c013,c1,0
c065,c3,0
c068,c5,0
c067,c5,0
c049,c2,1
c011,c1,0
c078,c5,0
c037,c2,0
c100,c5,0
c034,c1,1
c100,c5,0
c100,c5,0
c021,c1,0
c003,c1,0
c089,c5,1
c038,c2,0
c019,c2,0
c080,c5,0
c054,c3,0
c080,c5,1
c097,c5,0
c074,c3,0
c021,c1,0
c099,c5,0
c024,c1,1
c006,c2,0
c001,c1,0
c079,c5,0
c092,c3,0
c088,c5,1
c040,c2,0
c084,c3,0
c020,c2,0
c097,c5,0
c091,c3,1
c034,c1,0
c098,c5,0
c087,c5,0
c006,c2,0
c028,c2,1
c003,c1,0
c080,c5,0
c070,c5,0
c001,c1,0
c082,c3,1
c040,c2,0
c089,c5,0
c007,c2,0
c004,c1,0
c086,c5,1
c084,c3,0
c098,c5,0
c008,c2,0
c001,c1,0
c021,c1,1
c077,c5,0
c031,c1,0
c073,c3,0
c068,c5,0
c013,c1,1
c026,c2,0
c021,c1,0
c073,c3,0
c047,c2,0
c038,c2,1
c031,c1,0
c097,c5,0
c024,c1,0
c030,c2,0
c024,c1,1
c080,c5,0
c068,c5,0
c081,c3,0
c100,c5,0
c010,c2,1
c052,c3,0
c011,c1,0
c022,c1,0
c084,c3,0
c001,c1,1
c029,c2,0
c068,c5,0
c068,c5,0
c039,c2,0
c040,c2,1
c016,c2,0
c077,c5,0
c098,c5,0
c022,c1,0
c082,c3,1
c039,c2,0
c071,c3,0
c013,c1,0
c031,c1,0
c067,c5,1
c022,c1,0
c079,c5,0
c091,c3,0
c029,c2,0
c004,c1,1
c091,c3,0
c047,c2,0
c093,c3,0
c070,c5,0
c061,c3,1
c100,c5,0
c090,c5,0
c030,c2,0
c027,c2,0
c007,c2,1
c089,c5,0
c004,c1,0
c039,c2,0
c090,c5,0
c062,c3,1
c080,c5,0
c031,c1,0
c093,c3,0
c009,c2,0
c003,c1,1
c067,c5,0
c019,c2,0
c003,c1,0
c007,c2,0
c100,c5,1
c021,c1,0
c097,c5,0
c068,c5,0
c032,c1,0
c038,c2,1
c004,c1,0
c069,c5,0
c097,c5,0
c099,c5,0
c008,c2,1
c034,c1,0
c007,c2,0
c003,c1,0
c006,c2,0
c071,c3,1
c091,c3,0
c068,c5,0
c079,c5,0
c081,c3,0
c010,c2,1
c052,c3,0
c092,c3,0
c001,c1,0
c039,c2,0
c072,c3,1
c072,c3,0
c091,c3,0
c082,c3,0
c010,c2,0
c007,c2,1
c064,c3,0
c053,c3,0
c023,c1,0
c016,c2,0
c037,c2,1
c088,c5,0
c012,c1,0
c078,c5,0
c028,c2,0
c018,c2,1
c002,c1,0
c022,c1,0
c086,c5,0
c029,c2,0
c070,c5,1
c064,c3,0
c021,c1,0
c065,c3,0
c067,c5,0
c019,c2,1
c002,c1,0
c027,c2,0
c077,c5,0
c020,c2,0
c070,c5,1
c007,c2,0
c054,c3,0
c003,c1,0
c031,c1,0
c037,c2,1
c088,c5,0
c030,c2,0
c077,c5,0
c090,c5,0
c031,c1,1
c024,c1,0
c068,c5,0
c067,c5,0
c087,c5,0
c020,c2,1
c099,c5,0
c034,c1,0
c084,c3,0
c094,c3,0
c093,c3,1
c021,c1,0
c068,c5,0
c009,c2,0
c002,c1,0
c012,c1,1
c006,c2,0
c081,c3,0
c022,c1,0
c099,c5,0
c068,c5,1
c088,c5,0
c002,c1,0
c091,c3,0
c100,c5,0
c039,c2,1
c094,c3,0
c001,c1,0
c074,c3,0
c028,c2,0
c063,c3,1
c014,c1,0
c003,c1,0
c071,c3,0
c034,c1,0
c021,c1,1
c048,c2,0
c033,c1,0
c088,c5,0
c068,c5,0
c063,c3,1
c079,c5,0
c028,c2,0
c003,c1,0
c036,c2,0
c094,c3,1
c002,c1,0
c100,c5,0
c029,c2,0
c091,c3,0
c088,c5,1
c039,c2,0
c039,c2,0
c019,c2,0
c034,c1,0
c080,c5,1
c038,c2,0
c094,c3,0
c093,c3,0
c040,c2,0
c020,c2,1
c086,c5,0
c062,c3,0
c028,c2,0
c061,c3,0
c040,c2,1
c013,c1,0
c061,c3,0
c027,c2,0
c072,c3,0
c061,c3,1
c053,c3,0
c093,c3,0
c040,c2,0
c012,c1,0
c084,c3,1
c017,c2,0
c042,c1,0
c019,c2,0
c088,c5,0
c030,c2,1
c002,c1,0
c002,c1,0
c007,c2,0
c062,c3,0
c052,c3,1
c079,c5,0
c048,c2,0
c011,c1,0
c088,c5,0
c026,c2,1
c092,c3,0
c073,c3,0
c019,c2,0
c088,c5,0
c099,c5,1
c018,c2,0
c031,c1,0
c081,c3,0
c039,c2,0
c061,c3,1
c093,c3,0
c065,c3,0
c001,c1,0
c097,c5,0
c088,c5,1
c088,c5,0
c061,c3,0
c011,c1,0
c011,c1,0
c017,c2,1
c047,c2,0
c020,c2,0
c001,c1,0
c018,c2,0
c011,c1,1
c088,c5,0
c007,c2,0
c002,c1,0
c086,c5,0
c032,c1,1
c092,c3,0
c068,c5,0
c024,c1,0
c092,c3,0
c100,c5,1
c040,c2,0
c078,c5,0
c032,c1,0
c068,c5,0
c017,c2,1
c034,c1,0
c079,c5,0
c064,c3,0
c097,c5,0
c020,c2,1
c082,c3,0
c077,c5,0
c004,c1,0
c092,c3,0
c094,c3,1
c094,c3,0
c030,c2,0
c068,c5,0
c002,c1,0
c083,c3,1
c100,c5,0
c002,c1,0
c052,c3,0
c097,c5,0
c061,c3,1
c099,c5,0
c100,c5,0
c013,c1,0
c088,c5,0
c083,c3,1
c029,c2,0
c087,c5,0
c090,c5,0
c100,c5,0
c097,c5,1
c027,c2,0
c021,c1,0
c052,c3,0
c040,c2,0
c082,c3,1
c099,c5,0
c065,c3,0
c020,c2,0
c100,c5,0
c073,c3,1
c021,c1,0
c084,c3,0
c037,c2,0
c009,c2,0
c031,c1,1
c088,c5,0
c047,c2,0
c049,c2,0
c100,c5,0
c091,c3,1
c072,c3,0
c068,c5,0
c031,c1,0
c088,c5,0
c069,c5,1
c071,c3,0
c040,c2,0
c011,c1,0
c084,c3,0
c007,c2,1
c071,c3,0
c006,c2,0
c009,c2,0
c002,c1,0
c007,c2,1
c067,c5,0
c010,c2,0
c033,c1,0
c006,c2,0
c026,c2,1
c009,c2,0
c065,c3,0
c011,c1,0
c100,c5,0
c071,c3,1
c017,c2,0
c021,c1,0
c092,c3,0
c004,c1,0
c027,c2,1
c014,c1,0
c094,c3,0
c001,c1,0
c072,c3,0
c003,c1,1
c068,c5,0
c018,c2,0
c022,c1,0
c088,c5,0
c001,c1,1
c014,c1,0
c091,c3,0
c038,c2,0
c096,c5,0
c032,c1,1
c070,c5,0
c018,c2,0
c094,c3,0
c021,c1,0
c039,c2,1
c073,c3,0
c097,c5,0
c063,c3,0
c098,c5,0
c019,c2,1
c031,c1,0
c061,c3,0
c021,c1,0
c090,c5,0
c030,c2,1
c064,c3,0
c090,c5,0
c034,c1,0
c064,c3,0
c075,c3,1
c026,c2,0
c009,c2,0
c091,c3,0
c003,c1,0
c088,c5,1
c018,c2,0
c021,c1,0
c003,c1,0
c089,c5,0
c032,c1,1
c010,c2,0
c063,c3,0
c052,c3,0
c089,c5,0
c010,c2,1
c091,c3,0
c033,c1,0
c092,c3,0
c071,c3,0
c080,c5,1
c100,c5,0
c087,c5,0
c097,c5,0
c032,c1,0
c061,c3,1
c030,c2,0
c084,c3,0
c099,c5,0
c093,c3,0
c039,c2,1
c049,c2,0
c004,c1,0
c099,c5,0
c087,c5,0
c010,c2,1
c023,c1,0
c087,c5,0
c007,c2,0
c053,c3,0
c094,c3,1
c042,c1,0
c002,c1,0
c037,c2,0
c097,c5,0
c062,c3,1
c088,c5,0
c022,c1,0
c061,c3,0
c027,c2,0
c075,c3,1
c077,c5,0
c092,c3,0
c078,c5,0
c022,c1,0
c008,c2,1
c009,c2,0
c014,c1,0
c088,c5,0
c010,c2,0
c039,c2,1
c024,c1,0
c017,c2,0
c004,c1,0
c001,c1,0
c065,c3,1
c027,c2,0
c069,c5,0
c001,c1,0
c007,c2,0
c097,c5,1
c099,c5,0
c077,c5,0
c001,c1,0
c013,c1,0
c088,c5,1
c022,c1,0
c036,c2,0
c077,c5,0
c091,c3,0
c051,c3,1
c010,c2,0
c040,c2,0
c069,c5,0
c077,c5,0
c008,c2,1
c016,c2,0
c011,c1,0
c092,c3,0
c080,c5,0
c032,c1,1
c004,c1,0
c018,c2,0
c088,c5,0
c031,c1,0
c040,c2,1
c020,c2,0
c001,c1,0
c092,c3,0
c017,c2,0
c034,c1,1
c008,c2,0
c022,c1,0
c010,c2,0
c028,c2,0
c098,c5,1
c002,c1,0
c068,c5,0
c081,c3,0
c091,c3,0
c033,c1,1
c078,c5,0
c071,c3,0
c083,c3,0
c092,c3,0
c079,c5,1
c078,c5,0
c099,c5,0
c089,c5,0
c026,c2,0
c100,c5,1
c052,c3,0
c013,c1,0
c088,c5,0
c038,c2,0
c031,c1,1
c073,c3,0
c037,c2,0
c078,c5,0
c061,c3,0
c092,c3,1
c093,c3,0
c006,c2,0
c090,c5,0
c022,c1,0
c070,c5,1
c032,c1,0
c032,c1,0
c002,c1,0
c071,c3,0
c071,c3,1
c100,c5,0
c081,c3,0
c032,c1,0
c079,c5,0
c090,c5,1
c016,c2,0
c090,c5,0
c002,c1,0
c091,c3,0
c055,c3,1
c049,c2,0
c003,c1,0
c062,c3,0
c097,c5,0
c010,c2,1
c053,c3,0
c016,c2,0
c029,c2,0
c031,c1,0
c063,c3,1
c094,c3,0
c013,c1,0
c099,c5,0
c091,c3,0
c022,c1,1
c020,c2,0
c093,c3,0
c072,c3,0
c081,c3,0
c074,c3,1
c007,c2,0
c021,c1,0
c071,c3,0
c007,c2,0
c028,c2,1
c098,c5,0
c011,c1,0
c082,c3,0
c006,c2,0
c038,c2,1
c040,c2,0
c072,c3,0
c032,c1,0
c011,c1,0
c054,c3,1
c047,c2,0
c049,c2,0
c094,c3,0
c009,c2,0
c010,c2,1
c021,c1,0
c007,c2,0
c088,c5,0
c100,c5,0
c003,c1,1
c011,c1,0
c011,c1,0
c098,c5,0
c023,c1,0
c083,c3,1
c087,c5,0
c100,c5,0
c011,c1,0
c026,c2,0
c090,c5,1
c073,c3,0
c032,c1,0
c028,c2,0
c097,c5,0
c021,c1,1
c010,c2,0
c098,c5,0
c062,c3,0
c017,c2,0
c097,c5,1
c013,c1,0
c002,c1,0
c020,c2,0
c087,c5,0
c052,c3,1
c052,c3,0
c094,c3,0
c030,c2,0
c078,c5,0
c099,c5,1
c093,c3,0
c011,c1,0
c080,c5,0
c020,c2,0
c094,c3,1
c010,c2,0
c027,c2,0
c032,c1,0
c030,c2,0
c093,c3,1
c079,c5,0
c091,c3,0
c096,c5,0
c091,c3,0
c017,c2,1
c074,c3,0
c049,c2,0
c031,c1,0
c004,c1,0
c034,c1,1
c093,c3,0
c073,c3,0
c070,c5,0
c024,c1,0
c040,c2,1
c004,c1,0
c006,c2,0
c011,c1,0
c093,c3,0
c034,c1,1
c078,c5,0
c049,c2,0
c070,c5,0
c011,c1,0
c048,c2,1
c087,c5,0
c091,c3,0
c004,c1,0
c022,c1,0
c091,c3,1
c006,c2,0
c008,c2,0
c096,c5,0
c078,c5,0
c070,c5,1
c089,c5,0
c037,c2,0
c070,c5,0
c052,c3,0
c093,c3,1
c001,c1,0
c031,c1,0
c099,c5,0
c039,c2,0
c040,c2,1
c040,c2,0
c083,c3,0
c028,c2,0
c069,c5,0
c032,c1,1
c061,c3,0
c078,c5,0
c008,c2,0
c028,c2,0
c098,c5,1
c013,c1,0
c068,c5,0
c011,c1,0
c040,c2,0
c100,c5,1
c090,c5,0
c093,c3,0
c100,c5,0
c049,c2,0
c094,c3,1
c020,c2,0
c080,c5,0
c031,c1,0
c017,c2,0
c079,c5,1
c099,c5,0
c070,c5,0
c084,c3,0
c090,c5,0
c033,c1,1
c100,c5,0
c011,c1,0
c023,c1,0
c001,c1,0
c064,c3,1
c091,c3,0
c091,c3,0
c097,c5,0
c097,c5,0
c028,c2,1
c099,c5,0
c088,c5,0
c003,c1,0
c061,c3,0
c097,c5,1
c034,c1,0
c026,c2,0
c082,c3,0
c026,c2,0
c032,c1,1
c073,c3,0
c073,c3,0
c079,c5,0
c021,c1,0
c029,c2,1
c065,c3,0
c032,c1,0
c092,c3,0
c081,c3,0
c006,c2,1
c052,c3,0
c091,c3,0
c084,c3,0
c069,c5,0
c034,c1,1
c086,c5,0
c088,c5,0
c018,c2,0
c097,c5,0
c001,c1,1
c037,c2,0
c073,c3,0
c061,c3,0
c021,c1,0
c067,c5,1
c087,c5,0
c038,c2,0
c094,c3,0
c006,c2,0
c002,c1,1
c032,c1,0
c010,c2,0
c084,c3,0
c017,c2,0
c079,c5,1
c099,c5,0
c037,c2,0
c099,c5,0
c069,c5,0
c002,c1,1
c091,c3,0
c032,c1,0
c094,c3,0
c031,c1,0
c080,c5,1
c032,c1,0
c078,c5,0
c021,c1,0
c017,c2,0
c038,c2,1
c053,c3,0
c084,c3,0
c070,c5,0
c011,c1,0
c054,c3,1
c006,c2,0
c069,c5,0
c081,c3,0
c014,c1,0
c010,c2,1
c032,c1,0
c040,c2,0
c021,c1,0
c021,c1,0
c042,c1,1
c098,c5,0
c071,c3,0
c027,c2,0
c098,c5,0
c098,c5,1
c001,c1,0
c100,c5,0
c100,c5,0
c097,c5,0
c016,c2,1
c026,c2,0
c039,c2,0
c067,c5,0
c055,c3,0
c094,c3,1
c038,c2,0
c079,c5,0
c068,c5,0
c012,c1,0
c042,c1,1
c088,c5,0
c099,c5,0
c019,c2,0
c027,c2,0
c088,c5,1
c021,c1,0
c012,c1,0
c077,c5,0
c007,c2,0
c091,c3,1
c020,c2,0
c010,c2,0
c068,c5,0
c006,c2,0
c062,c3,1
c081,c3,0
c007,c2,0
c021,c1,0
c065,c3,0
c075,c3,1
c027,c2,0
c002,c1,0
c080,c5,0
c002,c1,0
c049,c2,1
c034,c1,0
c019,c2,0
c096,c5,0
c092,c3,0
c052,c3,1
c088,c5,0
c094,c3,0
c092,c3,0
c002,c1,0
c032,c1,1
c040,c2,0
c099,c5,0
c079,c5,0
c047,c2,0
c080,c5,1
c093,c3,0
c007,c2,0
c023,c1,0
c071,c3,0
c019,c2,1
c074,c3,0
c100,c5,0
c070,c5,0
c034,c1,0
c012,c1,1
c024,c1,0
c033,c1,0
c024,c1,0
c080,c5,0
c094,c3,1
c006,c2,0
c032,c1,0
c010,c2,0
c091,c3,0
c062,c3,1
c031,c1,0
c038,c2,0
c053,c3,0
c052,c3,0
c068,c5,1
c006,c2,0
c004,c1,0
c038,c2,0
c001,c1,0
c093,c3,1
c003,c1,0
c010,c2,0
c064,c3,0
c065,c3,0
c037,c2,1
c048,c2,0
c031,c1,0
c071,c3,0
c050,c2,0
c063,c3,1
c067,c5,0
c036,c2,0
c099,c5,0
c003,c1,0
c079,c5,1
c062,c3,0
c031,c1,0
c030,c2,0
c014,c1,0
c026,c2,1
c036,c2,0
c026,c2,0
c001,c1,0
c004,c1,0
c068,c5,1
c013,c1,0
c020,c2,0
c079,c5,0
c100,c5,0
c002,c1,1
c073,c3,0
c021,c1,0
c008,c2,0
c010,c2,0
c021,c1,1
c080,c5,0
c080,c5,0
c036,c2,0
c003,c1,0
c094,c3,1
c034,c1,0
c068,c5,0
c002,c1,0
c039,c2,0
c003,c1,1
c070,c5,0
c002,c1,0
c020,c2,0
c093,c3,0
c092,c3,1
c099,c5,0
c021,c1,0
c021,c1,0
c084,c3,0
c007,c2,1
c040,c2,0
c080,c5,0
c008,c2,0
c049,c2,0
c004,c1,1
c071,c3,0
c006,c2,0
c088,c5,0
c099,c5,0
c067,c5,1
c009,c2,0
c097,c5,0
c021,c1,0
c089,c5,0
c080,c5,1
c091,c3,0
c027,c2,0
c093,c3,0
c014,c1,0
c091,c3,1
c004,c1,0
c079,c5,0
c004,c1,0
c096,c5,0
c078,c5,1
c084,c3,0
c003,c1,0
c027,c2,0
c071,c3,0
c013,c1,1
c061,c3,0
c029,c2,0
c051,c3,0
c021,c1,0
c023,c1,1
c024,c1,0
c022,c1,0
c034,c1,0
c093,c3,0
c091,c3,1
c040,c2,0
c011,c1,0
c004,c1,0
c094,c3,0
c011,c1,1
c070,c5,0
c030,c2,0
c003,c1,0
c030,c2,0
c021,c1,1
c037,c2,0
c029,c2,0
c020,c2,0
c006,c2,0
c087,c5,1
c011,c1,0
c067,c5,0
c099,c5,0
c069,c5,0
c054,c3,1
c071,c3,0
c064,c3,0
c091,c3,0
c008,c2,0
c090,c5,1
c070,c5,0
c100,c5,0
c054,c3,0
c087,c5,0
c079,c5,1
c097,c5,0
c021,c1,0
c098,c5,0
c061,c3,0
c040,c2,1
c084,c3,0
c079,c5,0
c081,c3,0
c021,c1,0
c064,c3,1
c074,c3,0
c070,c5,0
c100,c5,0
c011,c1,0
c030,c2,1
c040,c2,0
c084,c3,0
c069,c5,0
c049,c2,0
c088,c5,1
c087,c5,0
c036,c2,0
c021,c1,0
c004,c1,0
c063,c3,1
c032,c1,0
c091,c3,0
c038,c2,0
c075,c3,0
c100,c5,1
c088,c5,0
c097,c5,0
c020,c2,0
c011,c1,0
c090,c5,1
c071,c3,0
c092,c3,0
c090,c5,0
c036,c2,0
c021,c1,1
c069,c5,0
c097,c5,0
c069,c5,0
c038,c2,0
c091,c3,1
c073,c3,0
c062,c3,0
c016,c2,0
c027,c2,0
c084,c3,1
c013,c1,0
c040,c2,0
c039,c2,0
c070,c5,0
c099,c5,1
c013,c1,0
c019,c2,0
c038,c2,0
c010,c2,0
c008,c2,1
c078,c5,0
c068,c5,0
c091,c3,0
c009,c2,0
c009,c2,1
c008,c2,0
c077,c5,0
c065,c3,0
c022,c1,0
c032,c1,1
c033,c1,0
c088,c5,0
c011,c1,0
c097,c5,0
c009,c2,1
c006,c2,0
c067,c5,0
c079,c5,0
c063,c3,0
c073,c3,1
c100,c5,0
c080,c5,0
c097,c5,0
c040,c2,0
c021,c1,1
c054,c3,0
c064,c3,0
c007,c2,0
c067,c5,0
c088,c5,1
c013,c1,0
c074,c3,0
c018,c2,0
c002,c1,0
c031,c1,1
c080,c5,0
c093,c3,0
c090,c5,0
c049,c2,0
c072,c3,1
c061,c3,0
c091,c3,0
c078,c5,0
c029,c2,0
c090,c5,1
c097,c5,0
c064,c3,0
c064,c3,0
c004,c1,0
c002,c1,1
c004,c1,0
c036,c2,0
c071,c3,0
c090,c5,0
c067,c5,1
c001,c1,0
c002,c1,0
c079,c5,0
c090,c5,0
c016,c2,1
c063,c3,0
c021,c1,0
c004,c1,0
c003,c1,0
c007,c2,1
c021,c1,0
c001,c1,0
c008,c2,0
c087,c5,0
c027,c2,1
c021,c1,0
c098,c5,0
c011,c1,0
c008,c2,0
c100,c5,1
c028,c2,0
c004,c1,0
c068,c5,0
c087,c5,0
c072,c3,1
c014,c1,0
c014,c1,0
c084,c3,0
c097,c5,0
c077,c5,1
c039,c2,0
c031,c1,0
c036,c2,0
c069,c5,0
c053,c3,1
c091,c3,0
c081,c3,0
c032,c1,0
c052,c3,0
c069,c5,1
c065,c3,0
c063,c3,0
c053,c3,0
c092,c3,0
c011,c1,1
c014,c1,0
c047,c2,0
c068,c5,0
c007,c2,0
c028,c2,1
c006,c2,0
c067,c5,0
c006,c2,0
c098,c5,0
c009,c2,1
c040,c2,0
c029,c2,0
c037,c2,0
c001,c1,0
c091,c3,1
c050,c2,0
c030,c2,0
c014,c1,0
c010,c2,0
c061,c3,1
c098,c5,0
c063,c3,0
c013,c1,0
c034,c1,0
c040,c2,1
c020,c2,0
c080,c5,0
c031,c1,0
c099,c5,0
c002,c1,1
c029,c2,0
c004,c1,0
c097,c5,0
c028,c2,0
c008,c2,1
c011,c1,0
c061,c3,0
c020,c2,0
c070,c5,0
c074,c3,1
c090,c5,0
c022,c1,0
c082,c3,0
c088,c5,0
c002,c1,1
c084,c3,0
c004,c1,0
c093,c3,0
c067,c5,0
c084,c3,1
c097,c5,0
c030,c2,0
c073,c3,0
c012,c1,0
c030,c2,1
c097,c5,0
c031,c1,0
c054,c3,0
c054,c3,0
c088,c5,1
c001,c1,0
c091,c3,0
c013,c1,0
c002,c1,0
c084,c3,1
c009,c2,0
c055,c3,0
c052,c3,0
c020,c2,0
c052,c3,1
c049,c2,0
c021,c1,0
c021,c1,0
c002,c1,0
c031,c1,1
c002,c1,0
c089,c5,0
c049,c2,0
c040,c2,0
c021,c1,1
c062,c3,0
c021,c1,0
c006,c2,0
c026,c2,0
c080,c5,1
c072,c3,0
c037,c2,0
c010,c2,0
c006,c2,0
c052,c3,1
c070,c5,0
c002,c1,0
c001,c1,0
c067,c5,0
c004,c1,1
c030,c2,0
c004,c1,0
c063,c3,0
c004,c1,0
c093,c3,1
c006,c2,0
c054,c3,0
c027,c2,0
c071,c3,0
c037,c2,1
c030,c2,0
c073,c3,0
c011,c1,0
c010,c2,0
c004,c1,1
c032,c1,0
c072,c3,0
c071,c3,0
c031,c1,0
c100,c5,1
c087,c5,0
c028,c2,0
c027,c2,0
c068,c5,0
c001,c1,1
c020,c2,0
c088,c5,0
c093,c3,0
c078,c5,0
c065,c3,1
c093,c3,0
c065,c3,0
c053,c3,0
c040,c2,0
c069,c5,1
c090,c5,0
c007,c2,0
c010,c2,0
c092,c3,0
c027,c2,1
c008,c2,0
c029,c2,0
c093,c3,0
c049,c2,0
c077,c5,1
c067,c5,0
c067,c5,0
c038,c2,0
c006,c2,0
c088,c5,1
c009,c2,0
c023,c1,0
c070,c5,0
c080,c5,0
c079,c5,1
c029,c2,0
c004,c1,0
c031,c1,0
c004,c1,0
c099,c5,1
c071,c3,0
c068,c5,0
c037,c2,0
c037,c2,0
c034,c1,1
c061,c3,0
c003,c1,0
c081,c3,0
c030,c2,0
c070,c5,1
c001,c1,0
c072,c3,0
c049,c2,0
c026,c2,0
c017,c2,1
c030,c2,0
c008,c2,0
c031,c1,0
c009,c2,0
c030,c2,1
c017,c2,0
c067,c5,0
c087,c5,0
c003,c1,0
c098,c5,1
c077,c5,0
c078,c5,0
c021,c1,0
c054,c3,0
c073,c3,1
c073,c3,0
c001,c1,0
c071,c3,0
c027,c2,0
c081,c3,1
c047,c2,0
c099,c5,0
c020,c2,0
c022,c1,0
c010,c2,1
c100,c5,0
c061,c3,0
c030,c2,0
c028,c2,0
c023,c1,1
c002,c1,0
c026,c2,0
c001,c1,0
c100,c5,0
c019,c2,1
c040,c2,0
c093,c3,0
c075,c3,0
c097,c5,0
c012,c1,1
c018,c2,0
c088,c5,0
c017,c2,0
c008,c2,0
c062,c3,1
c070,c5,0
c089,c5,0
c097,c5,0
c071,c3,0
c079,c5,1
c054,c3,0
c094,c3,0
c094,c3,0
c010,c2,0
c040,c2,1
c002,c1,0
c073,c3,0
c086,c5,0
c028,c2,0
c011,c1,1
c084,c3,0
c092,c3,0
c096,c5,0
c097,c5,0
c003,c1,1
c002,c1,0
c003,c1,0
c091,c3,0
c039,c2,0
c041,c1,1
c097,c5,0
c054,c3,0
c013,c1,0
c034,c1,0
c100,c5,1
c063,c3,0
c021,c1,0
c069,c5,0
c008,c2,0
c013,c1,1
c006,c2,0
c032,c1,0
c068,c5,0
c016,c2,0
c062,c3,1
c008,c2,0
c001,c1,0
c006,c2,0
c017,c2,0
c097,c5,1
c029,c2,0
c063,c3,0
c011,c1,0
c081,c3,0
c034,c1,1
c006,c2,0
c023,c1,0
c034,c1,0
c003,c1,0
c077,c5,1
c065,c3,0
c065,c3,0
c011,c1,0
c039,c2,0
c067,c5,1
c038,c2,0
c078,c5,0
c098,c5,0
c008,c2,0
c081,c3,1
c021,c1,0
c006,c2,0
c090,c5,0
c033,c1,0
c007,c2,1
c011,c1,0
c028,c2,0
c038,c2,0
c004,c1,0
c014,c1,1
c052,c3,0
c078,c5,0
c031,c1,0
c006,c2,0
c038,c2,1
c001,c1,0
c028,c2,0
c004,c1,0
c027,c2,0
c049,c2,1
c078,c5,0
c084,c3,0
c037,c2,0
c040,c2,0
c065,c3,1
c033,c1,0
c003,c1,0
c004,c1,0
c001,c1,0
c090,c5,1
c084,c3,0
c003,c1,0
c013,c1,0
c008,c2,0
c092,c3,1
c009,c2,0
c052,c3,0
c018,c2,0
c003,c1,0
c031,c1,1
c010,c2,0
c085,c3,0
c004,c1,0
c064,c3,0
c032,c1,1
c011,c1,0
c031,c1,0
c003,c1,0
c092,c3,0
c036,c2,1
c088,c5,0
c028,c2,0
c017,c2,0
c069,c5,0
c038,c2,1
c080,c5,0
c004,c1,0
c006,c2,0
c091,c3,0
c072,c3,1
c061,c3,0
c020,c2,0
c019,c2,0
c092,c3,0
c003,c1,1
c028,c2,0
c002,c1,0
c077,c5,0
c061,c3,0
c100,c5,1
c002,c1,0
c073,c3,0
c011,c1,0
c007,c2,0
c061,c3,1
c002,c1,0
c062,c3,0
c011,c1,0
c006,c2,0
c039,c2,1
c021,c1,0
c097,c5,0
c008,c2,0
c100,c5,0
c014,c1,1
c071,c3,0
c032,c1,0
c089,c5,0
c081,c3,0
c078,c5,1
c094,c3,0
c008,c2,0
c021,c1,0
c001,c1,0
c010,c2,1
c054,c3,0
c084,c3,0
c068,c5,0
c018,c2,0
c024,c1,1
c022,c1,0
c029,c2,0
c079,c5,0
c016,c2,0
c037,c2,1
c084,c3,0
c075,c3,0
c098,c5,0
c080,c5,0
c071,c3,1
c052,c3,0
c063,c3,0
c064,c3,0
c092,c3,0
c006,c2,1
c100,c5,0
c091,c3,0
c031,c1,0
c031,c1,0
c093,c3,1
c073,c3,0
c022,c1,0
c004,c1,0
c097,c5,0
c090,c5,1
c022,c1,0
c004,c1,0
c088,c5,0
c022,c1,0
c021,c1,1
c036,c2,0
c078,c5,0
c097,c5,0
c002,c1,0
c070,c5,1
c026,c2,0
c013,c1,0
c040,c2,0
c003,c1,0
c040,c2,1
c093,c3,0
c054,c3,0
c040,c2,0
c073,c3,0
c100,c5,1
c070,c5,0
c072,c3,0
c080,c5,0
c010,c2,0
c081,c3,1
c040,c2,0
c071,c3,0
c062,c3,0
c064,c3,0
c097,c5,1
c009,c2,0
c069,c5,0
c003,c1,0
c009,c2,0
c020,c2,1
c047,c2,0
c084,c3,0
c021,c1,0
c001,c1,0
c011,c1,1
c094,c3,0
c027,c2,0
c010,c2,0
c031,c1,0
c068,c5,1
c011,c1,0
c092,c3,0
c081,c3,0
c071,c3,0
c038,c2,1
c097,c5,0
c008,c2,0
c010,c2,0
c087,c5,0
c100,c5,1
c037,c2,0
c078,c5,0
c087,c5,0
c040,c2,0
c099,c5,1
c083,c3,0
c077,c5,0
c003,c1,0
c092,c3,0
c020,c2,1
c059,c4,0
c063,c3,0
c099,c5,0
c007,c2,0
c002,c1,1
c052,c3,0
c002,c1,0
c062,c3,0
c020,c2,0
c021,c1,1
c001,c1,0
c052,c3,0
c004,c1,0
c001,c1,0
c009,c2,1
c085,c3,0
c091,c3,0
c080,c5,0
c021,c1,0
c047,c2,1
c092,c3,0
c038,c2,0
c010,c2,0
c038,c2,0
c003,c1,1
c093,c3,0
c021,c1,0
c090,c5,0
c099,c5,0
c021,c1,1
c092,c3,0
c067,c5,0
c017,c2,0
c021,c1,0
c064,c3,1
c080,c5,0
c031,c1,0
c017,c2,0
c019,c2,0
c019,c2,1
c004,c1,0
c002,c1,0
c073,c3,0
c099,c5,0
c067,c5,1
c078,c5,0
c064,c3,0
c024,c1,0
c028,c2,0
c027,c2,1
c097,c5,0
c077,c5,0
c042,c1,0
c029,c2,0
c089,c5,1
c037,c2,0
c037,c2,0
c032,c1,0
c061,c3,0
c013,c1,1
c061,c3,0
c097,c5,0
c002,c1,0
c100,c5,0
c002,c1,1
c001,c1,0
c081,c3,0
c097,c5,0
c068,c5,0
c070,c5,1
c074,c3,0
c026,c2,0
c091,c3,0
c030,c2,0
c036,c2,1
c097,c5,0
c031,c1,0
c079,c5,0
c036,c2,0
c037,c2,1
c098,c5,0
c022,c1,0
c071,c3,0
c019,c2,0
c006,c2,1
c082,c3,0
c020,c2,0
c036,c2,0
c007,c2,0
c068,c5,1
c065,c3,0
c100,c5,0
c068,c5,0
c097,c5,0
c099,c5,1
c073,c3,0
c072,c3,0
c024,c1,0
c091,c3,0
c070,c5,1
c084,c3,0
c061,c3,0
c011,c1,0
c020,c2,0
c019,c2,1
c093,c3,0
c071,c3,0
c083,c3,0
c002,c1,0
c020,c2,1
c062,c3,0
c003,c1,0
c008,c2,0
c067,c5,0
c031,c1,1
c078,c5,0
c028,c2,0
c078,c5,0
c061,c3,0
c010,c2,1
c001,c1,0
c052,c3,0
c097,c5,0
c100,c5,0
c039,c2,1
c068,c5,0
c093,c3,0
c088,c5,0
c010,c2,0
c013,c1,1
c094,c3,0
c039,c2,0
c002,c1,0
c020,c2,0
c069,c5,1
c001,c1,0
c002,c1,0
c042,c1,0
c024,c1,0
c017,c2,1
c042,c1,0
c090,c5,0
c079,c5,0
c009,c2,0
c004,c1,1
c097,c5,0
c038,c2,0
c088,c5,0
c014,c1,0
c030,c2,1
c084,c3,0
c077,c5,0
c068,c5,0
c030,c2,0
c098,c5,1
c006,c2,0
c097,c5,0
c061,c3,0
c061,c3,0
c080,c5,1
c002,c1,0
c061,c3,0
c036,c2,0
c090,c5,0
c023,c1,1
c018,c2,0
c088,c5,0
c065,c3,0
c011,c1,0
c014,c1,1
c028,c2,0
c065,c3,0
c091,c3,0
c022,c1,0
c082,c3,1
c062,c3,0
c021,c1,0
c084,c3,0
c093,c3,0
c001,c1,1
c013,c1,0
c092,c3,0
c078,c5,0
c094,c3,0
c054,c3,1
c073,c3,0
c079,c5,0
c073,c3,0
c068,c5,0
c068,c5,1
c012,c1,0
c009,c2,0
c049,c2,0
c092,c3,0
c061,c3,1
c040,c2,0
c030,c2,0
c100,c5,0
c083,c3,0
c002,c1,1
c077,c5,0
c026,c2,0
c078,c5,0
c054,c3,0
c023,c1,1
c078,c5,0
c069,c5,0
c016,c2,0
c054,c3,0
c063,c3,1
c100,c5,0
c036,c2,0
c029,c2,0
c098,c5,0
c002,c1,1
c004,c1,0
c034,c1,0
c078,c5,0
c011,c1,0
c084,c3,1
c021,c1,0
c092,c3,0
c055,c3,0
c049,c2,0
c097,c5,1
c074,c3,0
c038,c2,0
c096,c5,0
c034,c1,0
c034,c1,1
c038,c2,0
c011,c1,0
c082,c3,0
c021,c1,0
c070,c5,1
c073,c3,0
c004,c1,0
c063,c3,0
c053,c3,0
c002,c1,1
c038,c2,0
c009,c2,0
c092,c3,0
c040,c2,0
c040,c2,1
c087,c5,0
c065,c3,0
c030,c2,0
c048,c2,0
c024,c1,1
c100,c5,0
c052,c3,0
c094,c3,0
c029,c2,0
c007,c2,1
c038,c2,0
c087,c5,0
c094,c3,0
c014,c1,0
c006,c2,1
c075,c3,0
c040,c2,0
c007,c2,0
c097,c5,0
c077,c5,1
c007,c2,0
c011,c1,0
c100,c5,0
c082,c3,0
c018,c2,1
c077,c5,0
c074,c3,0
c023,c1,0
c021,c1,0
c037,c2,1
c063,c3,0
c004,c1,0
c071,c3,0
c091,c3,0
c090,c5,1
c077,c5,0
c068,c5,0
c016,c2,0
c091,c3,0
c073,c3,1
c073,c3,0
c069,c5,0
c004,c1,0
c020,c2,0
c071,c3,1
c031,c1,0
c081,c3,0
c001,c1,0
c078,c5,0
c053,c3,1
c039,c2,0
c003,c1,0
c088,c5,0
c033,c1,0
c088,c5,1
c016,c2,0
c061,c3,0
c039,c2,0
c021,c1,0
c003,c1,1
c061,c3,0
c069,c5,0
c067,c5,0
c031,c1,0
c089,c5,1
c070,c5,0
c021,c1,0
c006,c2,0
c029,c2,0
c026,c2,1
c001,c1,0
c011,c1,0
c022,c1,0
c033,c1,0
c088,c5,1
c099,c5,0
c082,c3,0
c065,c3,0
c031,c1,0
c006,c2,1
c073,c3,0
c021,c1,0
c040,c2,0
c100,c5,0
c030,c2,1
c009,c2,0
c077,c5,0
c100,c5,0
c098,c5,0
c047,c2,1
c027,c2,0
c091,c3,0
c013,c1,0
c052,c3,0
c011,c1,1
c007,c2,0
c069,c5,0
c087,c5,0
c022,c1,0
c040,c2,1
c087,c5,0
c011,c1,0
c073,c3,0
c004,c1,0
c016,c2,1
c006,c2,0
c028,c2,0
c073,c3,0
c022,c1,0
c009,c2,1
c094,c3,0
c033,c1,0
c004,c1,0
c028,c2,0
c007,c2,1
c010,c2,0
c001,c1,0
c030,c2,0
c018,c2,0
c098,c5,1
c079,c5,0
c004,c1,0
c073,c3,0
c079,c5,0
c004,c1,1
c033,c1,0
c080,c5,0
c037,c2,0
c004,c1,0
c081,c3,1
c099,c5,0
c030,c2,0
c082,c3,0
c029,c2,0
c100,c5,1
c007,c2,0
c010,c2,0
c094,c3,0
c006,c2,0
c054,c3,1
c008,c2,0
c007,c2,0
c031,c1,0
c022,c1,0
c093,c3,1
c078,c5,0
c099,c5,0
c079,c5,0
c003,c1,0
c037,c2,1
c034,c1,0
c008,c2,0
c024,c1,0
c026,c2,0
c017,c2,1
c039,c2,0
c081,c3,0
c021,c1,0
c006,c2,0
c019,c2,1
c034,c1,0
c029,c2,0
c040,c2,0
c100,c5,0
c091,c3,1
c001,c1,0
c014,c1,0
c021,c1,0
c026,c2,0
c080,c5,1
c084,c3,0
c028,c2,0
c081,c3,0
c053,c3,0
c030,c2,1
c002,c1,0
c008,c2,0
c037,c2,0
c028,c2,0
c071,c3,1
c004,c1,0
c007,c2,0
c006,c2,0
c002,c1,0
c068,c5,1
c091,c3,0
c017,c2,0
c011,c1,0
c099,c5,0
c004,c1,1
c016,c2,0
c052,c3,0
c049,c2,0
c091,c3,0
c039,c2,1
c021,c1,0
c028,c2,0
c078,c5,0
c027,c2,0
c098,c5,1
c018,c2,0
c023,c1,0
c014,c1,0
c028,c2,0
c047,c2,1
c091,c3,0
c070,c5,0
c030,c2,0
c065,c3,0
c018,c2,1
c061,c3,0
c100,c5,0
c081,c3,0
c063,c3,0
c077,c5,1
c029,c2,0
c082,c3,0
c094,c3,0
c032,c1,0
c018,c2,1
c018,c2,0
c098,c5,0
c075,c3,0
c038,c2,0
c001,c1,1
c078,c5,0
c049,c2,0
c087,c5,0
c001,c1,0
c088,c5,1
c091,c3,0
c021,c1,0
c071,c3,0
c014,c1,0
c068,c5,1
c079,c5,0
c011,c1,0
c089,c5,0
c007,c2,0
c074,c3,1
c097,c5,0
c002,c1,0
c071,c3,0
c011,c1,0
c078,c5,1
c026,c2,0
c099,c5,0
c091,c3,0
c023,c1,0
c084,c3,1
c098,c5,0
c003,c1,0
c093,c3,0
c020,c2,0
c023,c1,1
c014,c1,0
c064,c3,0
c099,c5,0
c055,c3,0
c054,c3,1
c088,c5,0
c069,c5,0
c074,c3,0
c091,c3,0
c036,c2,1
c087,c5,0
c062,c3,0
c006,c2,0
c065,c3,0
c081,c3,1
c037,c2,0
c037,c2,0
c007,c2,0
c079,c5,0
c091,c3,1
c011,c1,0
c021,c1,0
c029,c2,0
c069,c5,0
c037,c2,1
c016,c2,0
c019,c2,0
c008,c2,0
c031,c1,0
c072,c3,1
c078,c5,0
c019,c2,0
c099,c5,0
c084,c3,0
c063,c3,1
c004,c1,0
c078,c5,0
c039,c2,0
c001,c1,0
c038,c2,1
c019,c2,0
c081,c3,0
c065,c3,0
c011,c1,0
c001,c1,1
c002,c1,0
c081,c3,0
c097,c5,0
c068,c5,0
c100,c5,1
c028,c2,0
c100,c5,0
c091,c3,0
c080,c5,0
c071,c3,1
c083,c3,0
c001,c1,0
c098,c5,0
c002,c1,0
c010,c2,1
c017,c2,0
c008,c2,0
c041,c1,0
c031,c1,0
c026,c2,1
c012,c1,0
c020,c2,0
c001,c1,0
c019,c2,0
c013,c1,1
c030,c2,0
c081,c3,0
c070,c5,0
c081,c3,0
c071,c3,1
c070,c5,0
c077,c5,0
c061,c3,0
c063,c3,0
c011,c1,1
c087,c5,0
c082,c3,0
c078,c5,0
c019,c2,0
c002,c1,1
c047,c2,0
c021,c1,0
c097,c5,0
c080,c5,0
c099,c5,1
c023,c1,0
c064,c3,0
c031,c1,0
c030,c2,0
c053,c3,1
c021,c1,0
c079,c5,0
c054,c3,0
c002,c1,0
c093,c3,1
c007,c2,0
c034,c1,0
c081,c3,0
c092,c3,0
c061,c3,1
c100,c5,0
c006,c2,0
c008,c2,0
c030,c2,0
c067,c5,1
c002,c1,0
c002,c1,0
c021,c1,0
c049,c2,0
c011,c1,1
c031,c1,0
c029,c2,0
c023,c1,0
c097,c5,0
c008,c2,1
c016,c2,0
c017,c2,0
c011,c1,0
c088,c5,0
c077,c5,1
c042,c1,0
c069,c5,0
c091,c3,0
c021,c1,0
c034,c1,1
c071,c3,0
c002,c1,0
c081,c3,0
c064,c3,0
c092,c3,1
c016,c2,0
c033,c1,0
c070,c5,0
c036,c2,0
c009,c2,1
c088,c5,0
c081,c3,0
c068,c5,0
c100,c5,0
c002,c1,1
c042,c1,0
c056,c4,0
c080,c5,0
c093,c3,0
c097,c5,1
c012,c1,0
c054,c3,0
c006,c2,0
c011,c1,0
c093,c3,1
c087,c5,0
c038,c2,0
c064,c3,0
c099,c5,0
c069,c5,1
c007,c2,0
c007,c2,0
c039,c2,0
c019,c2,0
c099,c5,1
c001,c1,0
c071,c3,0
c006,c2,0
c087,c5,0
c021,c1,1
c030,c2,0
c089,c5,0
c100,c5,0
c078,c5,0
c061,c3,1
c002,c1,0
c090,c5,0
c021,c1,0
c071,c3,0
c090,c5,1
c030,c2,0
c065,c3,0
c069,c5,0
c087,c5,0
c079,c5,1
c031,c1,0
c020,c2,0
c077,c5,0
c077,c5,0
c079,c5,1
c010,c2,0
c039,c2,0
c099,c5,0
c064,c3,0
c014,c1,1
c030,c2,0
c075,c3,0
c022,c1,0
c011,c1,0
c067,c5,1
c049,c2,0
c016,c2,0
c062,c3,0
c002,c1,0
c017,c2,1
c001,c1,0
c082,c3,0
c063,c3,0
c002,c1,0
c061,c3,1
c070,c5,0
c026,c2,0
c031,c1,0
c081,c3,0
c049,c2,1
c071,c3,0
c004,c1,0
c010,c2,0
c069,c5,0
c010,c2,1
c082,c3,0
c078,c5,0
c032,c1,0
c011,c1,0
c009,c2,1
c039,c2,0
c068,c5,0
c067,c5,0
c021,c1,0
c100,c5,1
c087,c5,0
c097,c5,0
c011,c1,0
c052,c3,0
c070,c5,1
c018,c2,0
c067,c5,0
c082,c3,0
c093,c3,0
c020,c2,1
c014,c1,0
c086,c5,0
c007,c2,0
c084,c3,0
c012,c1,1
c023,c1,0
c079,c5,0
c032,c1,0
c038,c2,0
c020,c2,1
c070,c5,0
c078,c5,0
c053,c3,0
c097,c5,0
c030,c2,1
c062,c3,0
c084,c3,0
c089,c5,0
c002,c1,0
c011,c1,1
c031,c1,0
c010,c2,0
c078,c5,0
c100,c5,0
c030,c2,1
c003,c1,0
c001,c1,0
c094,c3,0
c100,c5,0
c001,c1,1
c023,c1,0
c068,c5,0
c081,c3,0
c092,c3,0
c039,c2,1
c020,c2,0
c034,c1,0
c013,c1,0
c049,c2,0
c073,c3,1
c090,c5,0
c091,c3,0
c067,c5,0
c002,c1,0
c070,c5,1
c011,c1,0
c039,c2,0
c040,c2,0
c065,c3,0
c063,c3,1
c100,c5,0
c033,c1,0
c092,c3,0
c006,c2,0
c080,c5,1
c061,c3,0
c050,c2,0
c080,c5,0
c021,c1,0
c028,c2,1
c020,c2,0
c088,c5,0
c052,c3,0
c026,c2,0
c026,c2,1
c026,c2,0
c093,c3,0
c009,c2,0
c080,c5,0
c097,c5,1
c047,c2,0
c079,c5,0
c083,c3,0
c084,c3,0
c012,c1,1
c068,c5,0
c013,c1,0
c099,c5,0
c031,c1,0
c097,c5,1
c016,c2,0
c068,c5,0
c071,c3,0
c032,c1,0
c022,c1,1
c010,c2,0
c014,c1,0
c070,c5,0
c021,c1,0
c021,c1,1
c011,c1,0
c026,c2,0
c033,c1,0
c068,c5,0
c063,c3,1
c071,c3,0
c039,c2,0
c100,c5,0
c028,c2,0
c097,c5,1
c068,c5,0
c014,c1,0
c042,c1,0
c041,c1,0
c032,c1,1
c100,c5,0
c036,c2,0
c097,c5,0
c054,c3,0
c007,c2,1
c017,c2,0
c061,c3,0
c010,c2,0
c097,c5,0
c085,c3,1
c002,c1,0
c004,c1,0
c021,c1,0
c011,c1,0
c020,c2,1
c023,c1,0
c037,c2,0
c068,c5,0
c065,c3,0
