m1,m2,m3,m4
-1.0539388240582437,-0.49313082429582783,-1.091053095035492,-0.70942150015032479
-1.1168022308236794,-0.36549703803672273,-1.0256125735661104,-0.66558061056131812
-1.0700521417968594,-0.3708062991852214,-1.0257352647133371,-0.46444771333722501
-1.0712646793476726,-0.4008633558475071,-0.99089475719998055,-0.28709446912890058
-1.0757557085727314,-0.49268752808825245,-0.2382907667481709,0.36164094673638059
-1.1692401865493636,-0.6204913945443381,0.772483431234396,1.3250492062176915
-1.2072341427961599,-0.66981496412695496,0.9140772041062124,1.5262389192794754
-1.1713760629707946,-0.72975405455304987,0.99071904981274572,1.6455049750934383
-0.98237398993601244,-0.8226578704896258,0.96524671131387996,1.7915987460185991
-0.89806089380504406,-0.8878499194059507,0.88241400183975005,1.8795335972772707
-0.9093165942833954,-0.51819899239804557,-1.1463761867446423,-0.76719739145591026
-0.97945814416998422,-0.48733430721191578,-1.0469358943538201,-0.62762719452760107
-0.96533817262502175,-0.43091301249216124,-0.98262934257078893,-0.4923860156044616
-0.99832820160581326,-0.4624062073219945,-0.95567017748367777,-0.38335587850323455
-1.026561613408109,-0.493247851438679,-0.21559257536434415,0.30291604983856546
-1.1542229465318372,-0.5845760275611509,0.85615287839859577,1.2994606496697527
-1.1646139797536843,-0.65546415558768867,1.0319271008606425,1.4588263059420221
-1.1046864814285522,-0.64735065801530967,1.014522142110863,1.6058584516011858
-0.97893658061676014,-0.71546069678514768,0.92680805981225933,1.8180309293157699
-0.86896762835541697,-0.74005086086256755,0.91304564450004266,1.8288355738929414
-0.92947634395129441,-0.75569356906529972,-1.0645435893662434,-0.71027723927099717
-0.84533107673023378,-0.64704413368241831,-0.97564652674307684,-0.64677294083533787
-0.8875515430678631,-0.55694367708523829,-0.83162471000087157,-0.55172327380646358
-0.88568688334343371,-0.49190348605654882,-0.76754675121157401,-0.46893221531931378
-0.9626712342221001,-0.48963300540127952,-0.13928694557196711,0.19859373211357592
-0.98538208022588425,-0.61305131213957476,0.90979967549489105,1.2173407920920334
-0.98474104381516714,-0.53534539493006672,1.0674216774371763,1.3812297782607448
-0.93636343319537396,-0.51848196196143737,1.0911227818238618,1.5324974677919689
-0.94891353875214579,-0.43494514361146752,0.99281048835557673,1.7217368205653654
-0.90653495170282916,-0.4429931888827644,0.91439687274608461,1.7785370033164778
-0.76704930404574934,-0.76672502041537138,-0.97729069647915368,-0.74260858208956149
-0.83755330243262305,-0.74791777767091938,-0.87399497512465474,-0.62325565151309514
-0.85616093879588095,-0.60261737783471869,-0.77737097879202732,-0.56835991082872039
-0.85177139162896387,-0.5153502943722339,-0.62468643792195055,-0.47356026110115484
-0.8609597336545477,-0.52447515361526964,-0.058706169681633488,0.11864196575104001
-0.85185913195844976,-0.56785725064440185,0.85726907457208013,1.0959013652366614
-0.85217778216789652,-0.54765770525168767,1.0581494793604496,1.3342611729964771
-0.82422153197934755,-0.41054401265593143,1.0963109227252876,1.4990742218409658
-0.90637687961776492,-0.30113266223570517,1.0019478184016637,1.6855460556093473
-0.95622896858144868,-0.28417196212697421,0.91534763381652762,1.7623222346716474
-0.45633983728263,-0.79636557107164196,-0.53722464522861069,-0.72129631360992952
-0.50539986028655171,-0.71149413176706167,-0.53881501198009751,-0.68800873208422553
-0.37395636365879775,-0.59414017924319007,-0.2418589635233796,-0.57387175541316127
-0.23218991964599922,-0.51016701195320757,-0.051867896608571579,-0.50968228117613934
-0.11803682480749562,-0.45985671160909719,0.25093654040528185,-0.23154502383214728
-0.33244779449987472,-0.40674631722424226,0.71123348850951684,0.69997737537506022
-0.63430032890468213,-0.31922832903712112,0.87751796032625484,1.1774839107715711
-0.63625657359241661,-0.14198390047213208,0.83057170101501021,1.2555477436470626
-0.7441071054654973,-0.07849175147765701,0.80480625739490075,1.4684331499293097
-0.68227464828428963,0.024722951951726392,0.67688409214014222,1.418970072468364
0.61559034161016002,-0.84381110562591333,0.50043859603528995,-0.68040027593205454
0.73313735413335535,-0.7720558401140617,0.62259874379427227,-0.61857626296774693
0.64625130154633381,-0.62782362046778473,0.69652693677942723,-0.50239540572174646
0.67650260012065211,-0.50477346776992593,0.7658499526145166,-0.44814756867794636
0.6465782792124235,-0.28506485152159372,0.60975838192685849,-0.37316054617359679
0.76008221796755859,0.4675989872129564,0.10730180335481844,-0.21249117376952664
0.55396737979213406,0.97885952492074924,-0.22458204674888679,0.014949135861188467
0.48673468706056749,1.0845039428288077,-0.34829373583829421,0.095234037476844169
0.43160692287143981,1.2096379457341684,-0.5716276483467212,-0.002831023895935425
0.31661166711102373,1.1386015024680032,-0.52234481952467493,0.09764101489860702
0.98351532115542861,-0.89340640424403284,0.89849665227126863,-0.66865564605900552
0.95251787281821254,-0.78968602860468573,0.87587955672899354,-0.55179369969191461
0.84278791473392756,-0.62939308055158616,0.85135251491315578,-0.47070039539311975
0.86572821425976798,-0.51451658619600305,0.8330217611229277,-0.40222394094757363
0.89659384863292668,-0.26666275302477577,0.6521182716189301,-0.4438490533497233
1.0260077700464125,0.81259943521852351,-0.16099630983115326,-0.43102154803812254
1.0075586284118387,1.4358154261887466,-0.61090224655096292,-0.43198403282590264
0.94538188213955687,1.5361736729044779,-0.80447709771844866,-0.40753475431182362
0.75106787196580238,1.5895117713961053,-0.98416408008159673,-0.4255872197284094
0.6802984236111278,1.5527789141439852,-1.029298054652567,-0.41746591632650021
0.96015386887089582,-0.8432682659698072,1.017119007111339,-0.66740244579060193
0.96928522388459482,-0.75955687756089052,0.96441162224858068,-0.56096280392884046
1.0071133545968245,-0.65149636076121742,0.87728297847755443,-0.39761025337491812
1.0121451253136053,-0.53544125251972252,0.80700648611423387,-0.40508937501853753
1.0454062323830722,-0.15487597779211665,0.56365531209645225,-0.43217793024918766
1.0367410423931849,1.0036591322488797,-0.30352718010545665,-0.52515081741968228
1.0524900071290588,1.5410515214596641,-0.74208190820882192,-0.58001542224644054
0.96342594288961347,1.6094954395372085,-0.81565787317847482,-0.52527183891804874
0.78122023291994924,1.6519818966678326,-1.03037497172356,-0.49842375562876839
0.72533667613001462,1.6356081288282045,-1.1614416573890116,-0.50385073264714619
0.93591195680626971,-0.61224019161643128,1.1819215123725342,-0.70641270260906264
1.0266223158833707,-0.58605481263383785,1.1409690634114376,-0.61053278229226471
1.1537076944220261,-0.54728110138006969,0.95609485581677345,-0.49204590293409678
1.2072361803530383,-0.51721785387418873,0.82538014712193508,-0.45485072952930949
1.1486268747953636,-0.048546276261795487,0.44190539956290525,-0.54002254701722718
1.0414220697899224,1.2293689900114009,-0.5420952340909917,-0.71045605082757335
1.0607002252116544,1.6567502841753408,-0.84363331727678015,-0.78942242740316482
1.01068297133233,1.775045066866096,-0.89144979542733072,-0.72729994859848135
0.95437230758000358,1.7597115448396095,-1.1362543551768951,-0.63360517558584672
0.9405510911904218,1.7064167616304973,-1.1849403322480776,-0.57386215962869502
0.96716139734296902,-0.48202912974233109,1.2267650967162227,-0.72592413230544728
1.0412436994518803,-0.49293278368483678,1.1730861029789663,-0.64376755780597616
1.2115712936714178,-0.49159879786275545,1.0147034079119031,-0.55732696001857918
1.2658283178521883,-0.42375740305566773,0.96031519823254063,-0.50721061144000601
1.196260578294374,0.26317561890846786,0.30174194605911925,-0.58775821265569439
1.0716862151947197,1.2390033203365991,-0.55004225781924143,-0.79791167136697505
1.0780768906261038,1.6247094309662113,-0.92390879615292509,-0.8947658461937239
1.0592820637543423,1.7603794276327296,-0.96856580718546703,-0.82631129643989609
1.0332237355126686,1.8062183562455283,-1.1433108278067594,-0.6620209902996893
1.0574392528887155,1.7095023749493254,-1.2478639510294349,-0.62713077843092457
