cluster_id,metacluster_id
c087,c5
c098,c5
c076,c5
c086,c5
c010,c3
c033,c1
c027,c3
c006,c3
c090,c5
c034,c1
c072,c4
c023,c1
c092,c4
c031,c1
c089,c5
c096,c5
c008,c3
c034,c1
c010,c3
c036,c3
c073,c4
c051,c4
c066,c5
c080,c5
c054,c4
c033,c1
c056,c5
c061,c4
c076,c5
c090,c5
c011,c1
c010,c3
c024,c1
c003,c1
c094,c4
c007,c3
c056,c5
c028,c3
c003,c1
c026,c3
c074,c4
c091,c4
c050,c3
c030,c3
c031,c1
c024,c1
c024,c1
c019,c3
c040,c3
c078,c5
c004,c1
c099,c5
c004,c1
c020,c3
c001,c1
c030,c3
c093,c4
c011,c1
c084,c4
c096,c5
c096,c5
c017,c3
c038,c3
c026,c3
c029,c3
c006,c3
c024,c1
c054,c4
c028,c3
c059,c5
c006,c3
c083,c4
c008,c3
c009,c3
c038,c3
c032,c1
c080,c5
c070,c5
c078,c5
c082,c4
c001,c1
c088,c5
c009,c3
c100,c5
c069,c5
c011,c1
c001,c1
c087,c5
c091,c4
c051,c4
c080,c5
c011,c1
c098,c5
c024,c1
c004,c1
c020,c3
c070,c5
c034,c1
c018,c3
c049,c3
c010,c3
c012,c1
c090,c5
c030,c3
c086,c5
c018,c3
c021,c1
c063,c4
c014,c1
c100,c5
c024,c1
c090,c5
c013,c1
c054,c4
c027,c3
c038,c3
c064,c4
c076,c5
c088,c5
c027,c3
c064,c4
c033,c1
c001,c1
c039,c3
c023,c1
c066,c5
c069,c5
c022,c1
c059,c5
c057,c5
c066,c5
c029,c3
c082,c4
c067,c5
c018,c3
c032,c1
c034,c1
c096,c5
c072,c4
c018,c3
c086,c5
c088,c5
c040,c3
c070,c5
c090,c5
c064,c4
c031,c1
c026,c3
c081,c4
c028,c3
c010,c3
c001,c1
c080,c5
c073,c4
c097,c5
c068,c5
c058,c5
c064,c4
c083,c4
c001,c1
c100,c5
c017,c3
c010,c3
c094,c4
c040,c3
c012,c1
c054,c4
c051,c4
c020,c3
c076,c5
c003,c1
c088,c5
c033,c1
c037,c3
c097,c5
c030,c3
c054,c4
c009,c3
c040,c3
c012,c1
c020,c3
c040,c3
c039,c3
c062,c4
c019,c3
c004,c1
c032,c1
c064,c4
c028,c3
c018,c3
c092,c4
c031,c1
c029,c3
c013,c1
c012,c1
c016,c3
c099,c5
c100,c5
c008,c3
c001,c1
c003,c1
c029,c3
c079,c5
c032,c1
c082,c4
c059,c5
c009,c3
c028,c3
c029,c3
c024,c1
c016,c3
c084,c4
c023,c1
c093,c4
c038,c3
c086,c5
c023,c1
c037,c3
c087,c5
c027,c3
c079,c5
c056,c5
c090,c5
c082,c4
c030,c3
c049,c3
c024,c1
c010,c3
c100,c5
c097,c5
c084,c4
c010,c3
c030,c3
c094,c4
c061,c4
c078,c5
c083,c4
c004,c1
c010,c3
c021,c1
c076,c5
c054,c4
c081,c4
c039,c3
c004,c1
c034,c1
c001,c1
c073,c4
c058,c5
c087,c5
c080,c5
c036,c3
c098,c5
c091,c4
c010,c3
c032,c1
c093,c4
c078,c5
c090,c5
c011,c1
c090,c5
c086,c5
c090,c5
c023,c1
c008,c3
c071,c4
c012,c1
c051,c4
c021,c1
c072,c4
c078,c5
c088,c5
c034,c1
c099,c5
c006,c3
c091,c4
c024,c1
c071,c4
c070,c5
c063,c4
c031,c1
c037,c3
c092,c4
c011,c1
c030,c3
c083,c4
c071,c4
c089,c5
c067,c5
c080,c5
c051,c4
c038,c3
c088,c5
c063,c4
c021,c1
c031,c1
c081,c4
c080,c5
c080,c5
c034,c1
c068,c5
c033,c1
c029,c3
c024,c1
c078,c5
c097,c5
c037,c3
c062,c4
c100,c5
c029,c3
c049,c3
c017,c3
c018,c3
c003,c1
c092,c4
c026,c3
c072,c4
c038,c3
c097,c5
c100,c5
c063,c4
c094,c4
c068,c5
c030,c3
c080,c5
c036,c3
c077,c5
c009,c3
c033,c1
c090,c5
c061,c4
c033,c1
c009,c3
c072,c4
c027,c3
c036,c3
c007,c3
c033,c1
c033,c1
c064,c4
c100,c5
c091,c4
c089,c5
c051,c4
c049,c3
c069,c5
c038,c3
c004,c1
c040,c3
c027,c3
c080,c5
c053,c4
c023,c1
c037,c3
c008,c3
c100,c5
c094,c4
c051,c4
c038,c3
c093,c4
c100,c5
c081,c4
c051,c4
c021,c1
c097,c5
c034,c1
c006,c3
c030,c3
c099,c5
c038,c3
c062,c4
c090,c5
c029,c3
c094,c4
c069,c5
c013,c1
c079,c5
c039,c3
c092,c4
c056,c5
c028,c3
c033,c1
c017,c3
c093,c4
c063,c4
c028,c3
c034,c1
c099,c5
c092,c4
c030,c3
c066,c5
c096,c5
c100,c5
c016,c3
c081,c4
c038,c3
c071,c4
c027,c3
c071,c4
c092,c4
c004,c1
c003,c1
c012,c1
c100,c5
c034,c1
c026,c3
c021,c1
c096,c5
c001,c1
c053,c4
c007,c3
c078,c5
c091,c4
c018,c3
c021,c1
c067,c5
c096,c5
c021,c1
c067,c5
c003,c1
c037,c3
c029,c3
c001,c1
c034,c1
c088,c5
c062,c4
c033,c1
c069,c5
c082,c4
c031,c1
c038,c3
c081,c4
c069,c5
c029,c3
c049,c3
c016,c3
c036,c3
c001,c1
c093,c4
c068,c5
c093,c4
c076,c5
c004,c1
c074,c4
c079,c5
c016,c3
c027,c3
c061,c4
c072,c4
c001,c1
c006,c3
c079,c5
c021,c1
c037,c3
c097,c5
c061,c4
c081,c4
c020,c3
c051,c4
c052,c4
c019,c3
c067,c5
c024,c1
c026,c3
c026,c3
c062,c4
c099,c5
c010,c3
c051,c4
c038,c3
c070,c5
c028,c3
c018,c3
c099,c5
c058,c5
c029,c3
c052,c4
c081,c4
c040,c3
c034,c1
c039,c3
c008,c3
c032,c1
c088,c5
c020,c3
c096,c5
c073,c4
c088,c5
c040,c3
c013,c1
c030,c3
c062,c4
c023,c1
c091,c4
c017,c3
c034,c1
c096,c5
c030,c3
c007,c3
c064,c4
c082,c4
c067,c5
c039,c3
c050,c3
c077,c5
c013,c1
c073,c4
c039,c3
c083,c4
c076,c5
c049,c3
c023,c1
c007,c3
c083,c4
c089,c5
c099,c5
c017,c3
c090,c5
c021,c1
c026,c3
c058,c5
c093,c4
c088,c5
c031,c1
c053,c4
c051,c4
c090,c5
c017,c3
c056,c5
c072,c4
c080,c5
c038,c3
c026,c3
c011,c1
c020,c3
c091,c4
c001,c1
c059,c5
c100,c5
c032,c1
c088,c5
c081,c4
c026,c3
c027,c3
c063,c4
c061,c4
c084,c4
c016,c3
c030,c3
c080,c5
c013,c1
c061,c4
c011,c1
c067,c5
c100,c5
c026,c3
c099,c5
c039,c3
c003,c1
c052,c4
c077,c5
c003,c1
c064,c4
c013,c1
c048,c3
c011,c1
c018,c3
c038,c3
c071,c4
c053,c4
c084,c4
c039,c3
c076,c5
c061,c4
c019,c3
c022,c1
c039,c3
c100,c5
c004,c1
c092,c4
c058,c5
c026,c3
c081,c4
c057,c5
c094,c4
c028,c3
c098,c5
c006,c3
c037,c3
c096,c5
c051,c4
c066,c5
c036,c3
c017,c3
c019,c3
c083,c4
c080,c5
c071,c4
c057,c5
c064,c4
c011,c1
c004,c1
c036,c3
c020,c3
c034,c1
c094,c4
c012,c1
c004,c1
c089,c5
c061,c4
c012,c1
c021,c1
c004,c1
c031,c1
c094,c4
c084,c4
c033,c1
c034,c1
c069,c5
c063,c4
c093,c4
c030,c3
c058,c5
c010,c3
c052,c4
c083,c4
c058,c5
c099,c5
c026,c3
c061,c4
c049,c3
c033,c1
c088,c5
c033,c1
c016,c3
c072,c4
c069,c5
c053,c4
c017,c3
c051,c4
c050,c3
c094,c4
c033,c1
c057,c5
c100,c5
c054,c4
c030,c3
c072,c4
c009,c3
c037,c3
c100,c5
c078,c5
c026,c3
c026,c3
c008,c3
c091,c4
c029,c3
c080,c5
c032,c1
c014,c1
c014,c1
c087,c5
c036,c3
c092,c4
c069,c5
c089,c5
c074,c4
c002,c1
c090,c5
c009,c3
c010,c3
c007,c3
c068,c5
c002,c1
c018,c3
c061,c4
c014,c1
c089,c5
c032,c1
c052,c4
c021,c1
c086,c5
c057,c5
c011,c1
c070,c5
c088,c5
c053,c4
c080,c5
c030,c3
c010,c3
c011,c1
c040,c3
c052,c4
c077,c5
c054,c4
c024,c1
c070,c5
c028,c3
c081,c4
c004,c1
c008,c3
c063,c4
c062,c4
c081,c4
c056,c5
c050,c3
c051,c4
c004,c1
c012,c1
c063,c4
c091,c4
c049,c3
c012,c1
c092,c4
c012,c1
c071,c4
c077,c5
c012,c1
c063,c4
c022,c1
c012,c1
c034,c1
c003,c1
c061,c4
c077,c5
c032,c1
c093,c4
c090,c5
c082,c4
c010,c3
c073,c4
c068,c5
c078,c5
c094,c4
c022,c1
c034,c1
c040,c3
c063,c4
c068,c5
c030,c3
c092,c4
c004,c1
c021,c1
c081,c4
c016,c3
c019,c3
c093,c4
c099,c5
c034,c1
c061,c4
c011,c1
c013,c1
c023,c1
c088,c5
c006,c3
c016,c3
c030,c3
c011,c1
c099,c5
c090,c5
c084,c4
c051,c4
c082,c4
c080,c5
c083,c4
c069,c5
c019,c3
c073,c4
c079,c5
c006,c3
c096,c5
c024,c1
c027,c3
c096,c5
c004,c1
c028,c3
c071,c4
c016,c3
c086,c5
c037,c3
c083,c4
c056,c5
c030,c3
c034,c1
c008,c3
c082,c4
c031,c1
c017,c3
c066,c5
c003,c1
c014,c1
c014,c1
c051,c4
c010,c3
c068,c5
c032,c1
c038,c3
c069,c5
c001,c1
c017,c3
c012,c1
c018,c3
c029,c3
c057,c5
c040,c3
c022,c1
c081,c4
c016,c3
c038,c3
c009,c3
c028,c3
c063,c4
c088,c5
c021,c1
c061,c4
c013,c1
c019,c3
c024,c1
c082,c4
c028,c3
c031,c1
c098,c5
c023,c1
c054,c4
c081,c4
c099,c5
c030,c3
c064,c4
c062,c4
c028,c3
c004,c1
c021,c1
c010,c3
c090,c5
c030,c3
c010,c3
c031,c1
c071,c4
c099,c5
c022,c1
c073,c4
c011,c1
c084,c4
c093,c4
c079,c5
c073,c4
c036,c3
c082,c4
c096,c5
c094,c4
c094,c4
c091,c4
c033,c1
c099,c5
c018,c3
c011,c1
c093,c4
c098,c5
c013,c1
c076,c5
c093,c4
c067,c5
c014,c1
c088,c5
c021,c1
c057,c5
c009,c3
c083,c4
c099,c5
c019,c3
c089,c5
c086,c5
c034,c1
c051,c4
c016,c3
c096,c5
c039,c3
c073,c4
c014,c1
c097,c5
c063,c4
c031,c1
c017,c3
c033,c1
c018,c3
c081,c4
c090,c5
c001,c1
c087,c5
c019,c3
c072,c4
c033,c1
c038,c3
c078,c5
c034,c1
c035,c2
c064,c4
c091,c4
c024,c1
c058,c5
c009,c3
c083,c4
c098,c5
c068,c5
c020,c3
c096,c5
c094,c4
c021,c1
c021,c1
c028,c3
c091,c4
c002,c1
c080,c5
c004,c1
c002,c1
c020,c3
c028,c3
c007,c3
c006,c3
c096,c5
c012,c1
c072,c4
c023,c1
c009,c3
c003,c1
c063,c4
c063,c4
c076,c5
c009,c3
c007,c3
c091,c4
c096,c5
c016,c3
c094,c4
c034,c1
c014,c1
c080,c5
c058,c5
c093,c4
c028,c3
c021,c1
c016,c3
c099,c5
c012,c1
c053,c4
c032,c1
c017,c3
c004,c1
c016,c3
c090,c5
c093,c4
c091,c4
c086,c5
c019,c3
c082,c4
c061,c4
c069,c5
c094,c4
c087,c5
c069,c5
c024,c1
c053,c4
c040,c3
c079,c5
c083,c4
c008,c3
c020,c3
c017,c3
c088,c5
c067,c5
c009,c3
c099,c5
c054,c4
c008,c3
c034,c1
c001,c1
c071,c4
c061,c4
c010,c3
c009,c3
c083,c4
c074,c4
c058,c5
c014,c1
c050,c3
c090,c5
c066,c5
c081,c4
c019,c3
c090,c5
c061,c4
c072,c4
c079,c5
c013,c1
c093,c4
c080,c5
c083,c4
c090,c5
c081,c4
c092,c4
c008,c3
c058,c5
c026,c3
c002,c1
c003,c1
c096,c5
c010,c3
c011,c1
c032,c1
c004,c1
c040,c3
c010,c3
c018,c3
c029,c3
c084,c4
c028,c3
c024,c1
c067,c5
c010,c3
c051,c4
c100,c5
c031,c1
c051,c4
c009,c3
c001,c1
c004,c1
c013,c1
c074,c4
c020,c3
c089,c5
c050,c3
c096,c5
c090,c5
c078,c5
c011,c1
c001,c1
c029,c3
c002,c1
c090,c5
c030,c3
c027,c3
c084,c4
c020,c3
c068,c5
c034,c1
c024,c1
c062,c4
c077,c5
c021,c1
c006,c3
c091,c4
c021,c1
c074,c4
c071,c4
c080,c5
c022,c1
c014,c1
c077,c5
c009,c3
c003,c1
c090,c5
c082,c4
c023,c1
c021,c1
c004,c1
c023,c1
c083,c4
c088,c5
c011,c1
c083,c4
c052,c4
c018,c3
c099,c5
c031,c1
c072,c4
c052,c4
c071,c4
c021,c1
c080,c5
c100,c5
c033,c1
c054,c4
c062,c4
c013,c1
c091,c4
c091,c4
c098,c5
c073,c4
c008,c3
c028,c3
c056,c5
c068,c5
c088,c5
c029,c3
c090,c5
c031,c1
c007,c3
c020,c3
c069,c5
c064,c4
c038,c3
c031,c1
c096,c5
c062,c4
c007,c3
c088,c5
c082,c4
c008,c3
c012,c1
c093,c4
c007,c3
c058,c5
c058,c5
c092,c4
c006,c3
c012,c1
c034,c1
c014,c1
c073,c4
c010,c3
c018,c3
c013,c1
c070,c5
c038,c3
c072,c4
c014,c1
c091,c4
c093,c4
c096,c5
c072,c4
c013,c1
c050,c3
c034,c1
c006,c3
c003,c1
c093,c4
c033,c1
c064,c4
c100,c5
c056,c5
c096,c5
c024,c1
c021,c1
c049,c3
c086,c5
c061,c4
c076,c5
c094,c4
c068,c5
c013,c1
c070,c5
c009,c3
c063,c4
c027,c3
c099,c5
c051,c4
c016,c3
c004,c1
c077,c5
c100,c5
c004,c1
c073,c4
c081,c4
c006,c3
c010,c3
c050,c3
c039,c3
c054,c4
c037,c3
c001,c1
c013,c1
c068,c5
c090,c5
c020,c3
c051,c4
c063,c4
c062,c4
c031,c1
c052,c4
c016,c3
c096,c5
c001,c1
c016,c3
c083,c4
c052,c4
c008,c3
c058,c5
c026,c3
c058,c5
c061,c4
c029,c3
c039,c3
c014,c1
c037,c3
c063,c4
c014,c1
c072,c4
c037,c3
c098,c5
c084,c4
c027,c3
c030,c3
c037,c3
c032,c1
c039,c3
c080,c5
c038,c3
c099,c5
c069,c5
c088,c5
c031,c1
c024,c1
c034,c1
c008,c3
c006,c3
c052,c4
c009,c3
c030,c3
c057,c5
c011,c1
c018,c3
c056,c5
c093,c4
c013,c1
c093,c4
c080,c5
c031,c1
c031,c1
c040,c3
c097,c5
c091,c4
c024,c1
c096,c5
c004,c1
c011,c1
c073,c4
c001,c1
c024,c1
c032,c1
c037,c3
c080,c5
c016,c3
c007,c3
c093,c4
c028,c3
c079,c5
c092,c4
c031,c1
c012,c1
c098,c5
c026,c3
c007,c3
c051,c4
c004,c1
c074,c4
c070,c5
c086,c5
c081,c4
c032,c1
c093,c4
c027,c3
c019,c3
c093,c4
c029,c3
c037,c3
c079,c5
c024,c1
c097,c5
c023,c1
c080,c5
c038,c3
c096,c5
c016,c3
c098,c5
c093,c4
c051,c4
c034,c1
c023,c1
c049,c3
c090,c5
c034,c1
c094,c4
c036,c3
c001,c1
c078,c5
c072,c4
c086,c5
c063,c4
c088,c5
c099,c5
c090,c5
c018,c3
c011,c1
c053,c4
c040,c3
c018,c3
c088,c5
c029,c3
c018,c3
c006,c3
c074,c4
c093,c4
c063,c4
c026,c3
c034,c1
c003,c1
c052,c4
c039,c3
c036,c3
c089,c5
c090,c5
c009,c3
c018,c3
c081,c4
c053,c4
c030,c3
c098,c5
c089,c5
c009,c3
c073,c4
c003,c1
c082,c4
c091,c4
c027,c3
c094,c4
c021,c1
c001,c1
c073,c4
c088,c5
c024,c1
c033,c1
c093,c4
c079,c5
c038,c3
c079,c5
c063,c4
c070,c5
c071,c4
c049,c3
c024,c1
c012,c1
c030,c3
c014,c1
c013,c1
c068,c5
c096,c5
c061,c4
c030,c3
c030,c3
c054,c4
c038,c3
c013,c1
c083,c4
c059,c5
c011,c1
c081,c4
c023,c1
c028,c3
c050,c3
c070,c5
c099,c5
c056,c5
c080,c5
c056,c5
c040,c3
c014,c1
c074,c4
c086,c5
c081,c4
c034,c1
c022,c1
c100,c5
c062,c4
c034,c1
c021,c1
c036,c3
c094,c4
c057,c5
c051,c4
c078,c5
c014,c1
c077,c5
c092,c4
c031,c1
c033,c1
c093,c4
c051,c4
c090,c5
c011,c1
c063,c4
c034,c1
c026,c3
c054,c4
c019,c3
c067,c5
c020,c3
c012,c1
c080,c5
c071,c4
c086,c5
c054,c4
c064,c4
c094,c4
c079,c5
c076,c5
c010,c3
c057,c5
c072,c4
c040,c3
c028,c3
c069,c5
c031,c1
c079,c5
c081,c4
c091,c4
c098,c5
c030,c3
c039,c3
c054,c4
c077,c5
c024,c1
c096,c5
c036,c3
c078,c5
c061,c4
c078,c5
c037,c3
c078,c5
c082,c4
c003,c1
c003,c1
c009,c3
c098,c5
c098,c5
c012,c1
c083,c4
c071,c4
c050,c3
c083,c4
c064,c4
c066,c5
c011,c1
c094,c4
c016,c3
c030,c3
c016,c3
c092,c4
c006,c3
c088,c5
c027,c3
c030,c3
c001,c1
c053,c4
c003,c1
c066,c5
c004,c1
c086,c5
c020,c3
c076,c5
c006,c3
c016,c3
c031,c1
c057,c5
c063,c4
c011,c1
c056,c5
c012,c1
c071,c4
c001,c1
c099,c5
c080,c5
c056,c5
c086,c5
c056,c5
c014,c1
c003,c1
c061,c4
c079,c5
c056,c5
c014,c1
c099,c5
c036,c3
c072,c4
c067,c5
c071,c4
c088,c5
c092,c4
c061,c4
c092,c4
c074,c4
c016,c3
c099,c5
c036,c3
c018,c3
c036,c3
c034,c1
c011,c1
c033,c1
c004,c1
c093,c4
c039,c3
c036,c3
c038,c3
c034,c1
c008,c3
c039,c3
c018,c3
c098,c5
c008,c3
c001,c1
c071,c4
c032,c1
c040,c3
c002,c1
c098,c5
c033,c1
c032,c1
c050,c3
c009,c3
c058,c5
c072,c4
c073,c4
c023,c1
c037,c3
c063,c4
c019,c3
c016,c3
c054,c4
c098,c5
c076,c5
c021,c1
c096,c5
c034,c1
c051,c4
c033,c1
c028,c3
c020,c3
c006,c3
c092,c4
c099,c5
c010,c3
c011,c1
c004,c1
c009,c3
c054,c4
c099,c5
c010,c3
c017,c3
c040,c3
c051,c4
c004,c1
c031,c1
c022,c1
c084,c4
c053,c4
c032,c1
c100,c5
c071,c4
c062,c4
c036,c3
c020,c3
c058,c5
c081,c4
c053,c4
c092,c4
c081,c4
c010,c3
c010,c3
c004,c1
c094,c4
c092,c4
c083,c4
c016,c3
c033,c1
c099,c5
c096,c5
c080,c5
c009,c3
c099,c5
c007,c3
c091,c4
c073,c4
c026,c3
c040,c3
c033,c1
c031,c1
c009,c3
c040,c3
c008,c3
c061,c4
c098,c5
c034,c1
c023,c1
c082,c4
c026,c3
c007,c3
c067,c5
c033,c1
c083,c4
c078,c5
c090,c5
c050,c3
c003,c1
c010,c3
c052,c4
c012,c1
c021,c1
c002,c1
c016,c3
c061,c4
c037,c3
c007,c3
c033,c1
c024,c1
c058,c5
c068,c5
c076,c5
c075,c4
c001,c1
c009,c3
c026,c3
c088,c5
c058,c5
c027,c3
c020,c3
c074,c4
c011,c1
c099,c5
c066,c5
c058,c5
c073,c4
c088,c5
c080,c5
c094,c4
c017,c3
c053,c4
c098,c5
c018,c3
c058,c5
c083,c4
c028,c3
c093,c4
c066,c5
c036,c3
c006,c3
c022,c1
c086,c5
c056,c5
c032,c1
c039,c3
c017,c3
c063,c4
c090,c5
c093,c4
c037,c3
c021,c1
c024,c1
c001,c1
c086,c5
c012,c1
c040,c3
c033,c1
c011,c1
c021,c1
c003,c1
c090,c5
c077,c5
c054,c4
c026,c3
c083,c4
c051,c4
c075,c4
c026,c3
c074,c4
c040,c3
c092,c4
c061,c4
c061,c4
c092,c4
c088,c5
c004,c1
c072,c4
c081,c4
c087,c5
c091,c4
c011,c1
c007,c3
c034,c1
c057,c5
c056,c5
c071,c4
c092,c4
c040,c3
c100,c5
c009,c3
c068,c5
c082,c4
c067,c5
c006,c3
c082,c4
c081,c4
c090,c5
c012,c1
c081,c4
c036,c3
c032,c1
c038,c3
c100,c5
c013,c1
c009,c3
c069,c5
c013,c1
c066,c5
c014,c1
c026,c3
c032,c1
c008,c3
c051,c4
c031,c1
c099,c5
c051,c4
c050,c3
c096,c5
c033,c1
c034,c1
c016,c3
c079,c5
c004,c1
c057,c5
c069,c5
c032,c1
c094,c4
c034,c1
c001,c1
c082,c4
c022,c1
c062,c4
c098,c5
c088,c5
c069,c5
c090,c5
c068,c5
c030,c3
c053,c4
c072,c4
c098,c5
c021,c1
c098,c5
c094,c4
c093,c4
c038,c3
c021,c1
c093,c4
c081,c4
c084,c4
c012,c1
c036,c3
c069,c5
c079,c5
c010,c3
c066,c5
c061,c4
c076,c5
c031,c1
c087,c5
c003,c1
c094,c4
c033,c1
c093,c4
c011,c1
c054,c4
c072,c4
c031,c1
c070,c5
c082,c4
c076,c5
c097,c5
c011,c1
c001,c1
c090,c5
c028,c3
c008,c3
c092,c4
c063,c4
c026,c3
c069,c5
c072,c4
c030,c3
c003,c1
c010,c3
c023,c1
c012,c1
c023,c1
c021,c1
c061,c4
c010,c3
c027,c3
c083,c4
c091,c4
c003,c1
c063,c4
c094,c4
c061,c4
c014,c1
c063,c4
c027,c3
c010,c3
c036,c3
c051,c4
c074,c4
c007,c3
c092,c4
c090,c5
c040,c3
c038,c3
c040,c3
c082,c4
c056,c5
c090,c5
c066,c5
c029,c3
c011,c1
c036,c3
c092,c4
c054,c4
c070,c5
c021,c1
c057,c5
c001,c1
c072,c4
c036,c3
c088,c5
c011,c1
c062,c4
c094,c4
c093,c4
c072,c4
c083,c4
c100,c5
c081,c4
c072,c4
c093,c4
c026,c3
c016,c3
c058,c5
c018,c3
c027,c3
c016,c3
c088,c5
c034,c1
c031,c1
c022,c1
c079,c5
c011,c1
c084,c4
c011,c1
c054,c4
c020,c3
c092,c4
c100,c5
c081,c4
c028,c3
c001,c1
c072,c4
c081,c4
c089,c5
c058,c5
c064,c4
c078,c5
c018,c3
c081,c4
c071,c4
c014,c1
c033,c1
c007,c3
c079,c5
c081,c4
c020,c3
c093,c4
c081,c4
c012,c1
c036,c3
c019,c3
c006,c3
c011,c1
c040,c3
c034,c1
c014,c1
c014,c1
c091,c4
c062,c4
c070,c5
c031,c1
c006,c3
c092,c4
c099,c5
c032,c1
c014,c1
c006,c3
c017,c3
c057,c5
c078,c5
c077,c5
c004,c1
c062,c4
c096,c5
c028,c3
c034,c1
c058,c5
c096,c5
c037,c3
c034,c1
c088,c5
c036,c3
c093,c4
c057,c5
c073,c4
c096,c5
c009,c3
c064,c4
c022,c1
c093,c4
c079,c5
c074,c4
c093,c4
c028,c3
c062,c4
c031,c1
c058,c5
c034,c1
c056,c5
c074,c4
c096,c5
c070,c5
c077,c5
c009,c3
c033,c1
c024,c1
c070,c5
c062,c4
c026,c3
c051,c4
c010,c3
c008,c3
c081,c4
c002,c1
c098,c5
c074,c4
c029,c3
c090,c5
c073,c4
c099,c5
c051,c4
c052,c4
c056,c5
c087,c5
c021,c1
c010,c3
c100,c5
c074,c4
c051,c4
c079,c5
c052,c4
c076,c5
c053,c4
c063,c4
c009,c3
c032,c1
c054,c4
c071,c4
c033,c1
c096,c5
c058,c5
c067,c5
c079,c5
c037,c3
c032,c1
c057,c5
c100,c5
c083,c4
c013,c1
c091,c4
c001,c1
c083,c4
c057,c5
c100,c5
c091,c4
c024,c1
c076,c5
c033,c1
c097,c5
c089,c5
c099,c5
c067,c5
c004,c1
c064,c4
c030,c3
c053,c4
c084,c4
c027,c3
c052,c4
c050,c3
c076,c5
c072,c4
c002,c1
c031,c1
c012,c1
c091,c4
c082,c4
c003,c1
c067,c5
c052,c4
c059,c5
c016,c3
c012,c1
c009,c3
c069,c5
c021,c1
c068,c5
c073,c4
c012,c1
c069,c5
c022,c1
c089,c5
c074,c4
c051,c4
c088,c5
c028,c3
c093,c4
c028,c3
c076,c5
c002,c1
c097,c5
c040,c3
c001,c1
c010,c3
c032,c1
c091,c4
c098,c5
c079,c5
c092,c4
c034,c1
c032,c1
c009,c3
c082,c4
c056,c5
c089,c5
c071,c4
c039,c3
c074,c4
c092,c4
c032,c1
c023,c1
c029,c3
c037,c3
c011,c1
c023,c1
c021,c1
c031,c1
c004,c1
c084,c4
c038,c3
c004,c1
c100,c5
c100,c5
c014,c1
c031,c1
c090,c5
c086,c5
c006,c3
c038,c3
c090,c5
c076,c5
c009,c3
c097,c5
c098,c5
c064,c4
c010,c3
c008,c3
c068,c5
c036,c3
c064,c4
c067,c5
c073,c4
c058,c5
c071,c4
c013,c1
c034,c1
c061,c4
c031,c1
c038,c3
c049,c3
c021,c1
c038,c3
c091,c4
c034,c1
c073,c4
c001,c1
c021,c1
c034,c1
c006,c3
c091,c4
c037,c3
c067,c5
c091,c4
c082,c4
c072,c4
c023,c1
c080,c5
c088,c5
c090,c5
c014,c1
c093,c4
c081,c4
c090,c5
c036,c3
c058,c5
c004,c1
c034,c1
c011,c1
c052,c4
c006,c3
c081,c4
c091,c4
c007,c3
c038,c3
c092,c4
c016,c3
c017,c3
c062,c4
c020,c3
c023,c1
c027,c3
c077,c5
c024,c1
c092,c4
c036,c3
c034,c1
c029,c3
c073,c4
c079,c5
c021,c1
c068,c5
c021,c1
c092,c4
c099,c5
c088,c5
c012,c1
c076,c5
c088,c5
c081,c4
c014,c1
c003,c1
c040,c3
c098,c5
c054,c4
c024,c1
c051,c4
c082,c4
c053,c4
c057,c5
c013,c1
c089,c5
c039,c3
c020,c3
c089,c5
c024,c1
c026,c3
c093,c4
c098,c5
c033,c1
c050,c3
c100,c5
c093,c4
c081,c4
c072,c4
c057,c5
c078,c5
c032,c1
c019,c3
c026,c3
c016,c3
c033,c1
c056,c5
c063,c4
c093,c4
c028,c3
c016,c3
c090,c5
c061,c4
c040,c3
c093,c4
c054,c4
c097,c5
c012,c1
c067,c5
c001,c1
c008,c3
c078,c5
c037,c3
c057,c5
c077,c5
c034,c1
c007,c3
c026,c3
c049,c3
c033,c1
c092,c4
c024,c1
c072,c4
c054,c4
c006,c3
c090,c5
c027,c3
c064,c4
c092,c4
c018,c3
c089,c5
c001,c1
c081,c4
c073,c4
c031,c1
c092,c4
c064,c4
c074,c4
c010,c3
c033,c1
c038,c3
c037,c3
c007,c3
c019,c3
c031,c1
c012,c1
c056,c5
c004,c1
c036,c3
c023,c1
c011,c1
c099,c5
c072,c4
c071,c4
c031,c1
c001,c1
c013,c1
c079,c5
c082,c4
c021,c1
c077,c5
c094,c4
c026,c3
c070,c5
c027,c3
c093,c4
c010,c3
c021,c1
c091,c4
c088,c5
c012,c1
c018,c3
c009,c3
c061,c4
c026,c3
c014,c1
c030,c3
c091,c4
c057,c5
c014,c1
c062,c4
c068,c5
c092,c4
c036,c3
c079,c5
c088,c5
c080,c5
c056,c5
c084,c4
c059,c5
c020,c3
c040,c3
c094,c4
c066,c5
c028,c3
c052,c4
c030,c3
c066,c5
c072,c4
c032,c1
c017,c3
c036,c3
c072,c4
c007,c3
c073,c4
c006,c3
c012,c1
c012,c1
c039,c3
c078,c5
c021,c1
c054,c4
c020,c3
c070,c5
c083,c4
c030,c3
c024,c1
c089,c5
c087,c5
c093,c4
c033,c1
c004,c1
c100,c5
c013,c1
c022,c1
c097,c5
c012,c1
c024,c1
c077,c5
c058,c5
c013,c1
c016,c3
c003,c1
c034,c1
c031,c1
c020,c3
c031,c1
c036,c3
c036,c3
c078,c5
c092,c4
c064,c4
c004,c1
c012,c1
c071,c4
c082,c4
c028,c3
c031,c1
c058,c5
c027,c3
c093,c4
c027,c3
c033,c1
c096,c5
c009,c3
c036,c3
c074,c4
c034,c1
c033,c1
c037,c3
c064,c4
c081,c4
c040,c3
c079,c5
c066,c5
c056,c5
c016,c3
c089,c5
c032,c1
c087,c5
c004,c1
c033,c1
c061,c4
c007,c3
c022,c1
c052,c4
c017,c3
c096,c5
c070,c5
c062,c4
c100,c5
c004,c1
c098,c5
c049,c3
c031,c1
c078,c5
c022,c1
c034,c1
c068,c5
c053,c4
c091,c4
c003,c1
c063,c4
c071,c4
c016,c3
c024,c1
c071,c4
c053,c4
c059,c5
c028,c3
c032,c1
c014,c1
c061,c4
c084,c4
c052,c4
c017,c3
c014,c1
c096,c5
c074,c4
c033,c1
c071,c4
c071,c4
c028,c3
c016,c3
c073,c4
c070,c5
c028,c3
c031,c1
c083,c4
c016,c3
c023,c1
c090,c5
c098,c5
c054,c4
c033,c1
c076,c5
c012,c1
c002,c1
c020,c3
c017,c3
c026,c3
c064,c4
c004,c1
c031,c1
c031,c1
c010,c3
c076,c5
c091,c4
c011,c1
c090,c5
c011,c1
c079,c5
c010,c3
c033,c1
c052,c4
c087,c5
c030,c3
c080,c5
c009,c3
c063,c4
c012,c1
c063,c4
c098,c5
c077,c5
c021,c1
c050,c3
c026,c3
c098,c5
c039,c3
c050,c3
c098,c5
c074,c4
c061,c4
c084,c4
c088,c5
c100,c5
c090,c5
c090,c5
c030,c3
c009,c3
c031,c1
c024,c1
c090,c5
c074,c4
c031,c1
c098,c5
c071,c4
c029,c3
c071,c4
c091,c4
c016,c3
c028,c3
c018,c3
c054,c4
c093,c4
c003,c1
c069,c5
c021,c1
c099,c5
c073,c4
c037,c3
c017,c3
c100,c5
c071,c4
c007,c3
c070,c5
c031,c1
c087,c5
c074,c4
c075,c4
c052,c4
c031,c1
c089,c5
c091,c4
c032,c1
c080,c5
c066,c5
c052,c4
c073,c4
c082,c4
c068,c5
c062,c4
c083,c4
c007,c3
c040,c3
c066,c5
c032,c1
c040,c3
c076,c5
c090,c5
c038,c3
c093,c4
c076,c5
c002,c1
c029,c3
c071,c4
c022,c1
c082,c4
c038,c3
c083,c4
c082,c4
c014,c1
c084,c4
c034,c1
c081,c4
c083,c4
c080,c5
c090,c5
c013,c1
c010,c3
c009,c3
c037,c3
c067,c5
c053,c4
c096,c5
c081,c4
c056,c5
c084,c4
c093,c4
c063,c4
c002,c1
c089,c5
c074,c4
c082,c4
c056,c5
c072,c4
c061,c4
c018,c3
c004,c1
c077,c5
c066,c5
c089,c5
c064,c4
c039,c3
c032,c1
c092,c4
c002,c1
c034,c1
c061,c4
c079,c5
c081,c4
c093,c4
c092,c4
c011,c1
c086,c5
c084,c4
c074,c4
c070,c5
c026,c3
c003,c1
c093,c4
c089,c5
c009,c3
c076,c5
c074,c4
c024,c1
c062,c4
c004,c1
c051,c4
c099,c5
c051,c4
c010,c3
c084,c4
c008,c3
c083,c4
c090,c5
c086,c5
c093,c4
c054,c4
c004,c1
c050,c3
c072,c4
c024,c1
c093,c4
c012,c1
c018,c3
c034,c1
c011,c1
c017,c3
c063,c4
c034,c1
c014,c1
c096,c5
c083,c4
c083,c4
c018,c3
c033,c1
c052,c4
c087,c5
c010,c3
c062,c4
c008,c3
c088,c5
c007,c3
c004,c1
c097,c5
c011,c1
c087,c5
c027,c3
c040,c3
c089,c5
c030,c3
c094,c4
c023,c1
c008,c3
c068,c5
c001,c1
c099,c5
c010,c3
c084,c4
c019,c3
c001,c1
c080,c5
c023,c1
c007,c3
c067,c5
c003,c1
c082,c4
c090,c5
c067,c5
c033,c1
c030,c3
c033,c1
c033,c1
c010,c3
c040,c3
c023,c1
c024,c1
c064,c4
c008,c3
c012,c1
c094,c4
c023,c1
c011,c1
c054,c4
c092,c4
c094,c4
c039,c3
c003,c1
c079,c5
c097,c5
c061,c4
c010,c3
c054,c4
c074,c4
c082,c4
c083,c4
c100,c5
c031,c1
c009,c3
c072,c4
c029,c3
c032,c1
c022,c1
c076,c5
c027,c3
c062,c4
c087,c5
c051,c4
c081,c4
c034,c1
c024,c1
c099,c5
c079,c5
c069,c5
c011,c1
c007,c3
c009,c3
c028,c3
c061,c4
c028,c3
c003,c1
c038,c3
c011,c1
c031,c1
c088,c5
c008,c3
c069,c5
c082,c4
c093,c4
c093,c4
c096,c5
c090,c5
c054,c4
c068,c5
c072,c4
c088,c5
c082,c4
c057,c5
c072,c4
c001,c1
c050,c3
c011,c1
c011,c1
c046,c3
c026,c3
c021,c1
c021,c1
c099,c5
c016,c3
c031,c1
c026,c3
c081,c4
c078,c5
c064,c4
c099,c5
c006,c3
c039,c3
c020,c3
c090,c5
c033,c1
c099,c5
c072,c4
c034,c1
c098,c5
c010,c3
c033,c1
c068,c5
c013,c1
c094,c4
c056,c5
c011,c1
c024,c1
c021,c1
c018,c3
c074,c4
c081,c4
c072,c4
c026,c3
c069,c5
c068,c5
c089,c5
c064,c4
c089,c5
c098,c5
c073,c4
c080,c5
c006,c3
c083,c4
c063,c4
c083,c4
c099,c5
c009,c3
c009,c3
c090,c5
c010,c3
c001,c1
c097,c5
c096,c5
c011,c1
c069,c5
c034,c1
c004,c1
c013,c1
c084,c4
c096,c5
c036,c3
c054,c4
c091,c4
c020,c3
c002,c1
c036,c3
c018,c3
c069,c5
c056,c5
c035,c2
c038,c3
c012,c1
c007,c3
c099,c5
c034,c1
c064,c4
c099,c5
c003,c1
c016,c3
c052,c4
c031,c1
c030,c3
c010,c3
c094,c4
c094,c4
c062,c4
c081,c4
c020,c3
c088,c5
c011,c1
c072,c4
c008,c3
c098,c5
c072,c4
c019,c3
c009,c3
c010,c3
c011,c1
c069,c5
c037,c3
c098,c5
c011,c1
c028,c3
c072,c4
c033,c1
c010,c3
c016,c3
c040,c3
c100,c5
c051,c4
c016,c3
c016,c3
c016,c3
c082,c4
c062,c4
c019,c3
c031,c1
c066,c5
c062,c4
c024,c1
c099,c5
c100,c5
c026,c3
c063,c4
c074,c4
c021,c1
c078,c5
c093,c4
c079,c5
c031,c1
c034,c1
c070,c5
c011,c1
c037,c3
c054,c4
c100,c5
c001,c1
c063,c4
c011,c1
c087,c5
c091,c4
c040,c3
c081,c4
c013,c1
c010,c3
c096,c5
c058,c5
c091,c4
c062,c4
c026,c3
c026,c3
c098,c5
c028,c3
c007,c3
c007,c3
c058,c5
c011,c1
c036,c3
c082,c4
c026,c3
c031,c1
c014,c1
c072,c4
c087,c5
c049,c3
c073,c4
c032,c1
c069,c5
c090,c5
c020,c3
c096,c5
c052,c4
c082,c4
c036,c3
c016,c3
c034,c1
c006,c3
c061,c4
c021,c1
c032,c1
c019,c3
c058,c5
c070,c5
c090,c5
c082,c4
c027,c3
c037,c3
c061,c4
c067,c5
c079,c5
c014,c1
c038,c3
c079,c5
c089,c5
c026,c3
c034,c1
c004,c1
c062,c4
c092,c4
c056,c5
c067,c5
c062,c4
c021,c1
c039,c3
c002,c1
c026,c3
c078,c5
c037,c3
c079,c5
c061,c4
c073,c4
c024,c1
c034,c1
c028,c3
c080,c5
c004,c1
c094,c4
c040,c3
c012,c1
c063,c4
c037,c3
c089,c5
c052,c4
c092,c4
c017,c3
c011,c1
c093,c4
c064,c4
c064,c4
c003,c1
c091,c4
c038,c3
c008,c3
c051,c4
c037,c3
c031,c1
c022,c1
c058,c5
c026,c3
c057,c5
c009,c3
c100,c5
c007,c3
c064,c4
c026,c3
c011,c1
c096,c5
c086,c5
c094,c4
c056,c5
c050,c3
c099,c5
c098,c5
c090,c5
c084,c4
c090,c5
c010,c3
c034,c1
c011,c1
c061,c4
c037,c3
c091,c4
c028,c3
c037,c3
c086,c5
c090,c5
c096,c5
c090,c5
c029,c3
c054,c4
c006,c3
c033,c1
c094,c4
c093,c4
c012,c1
c092,c4
c007,c3
c023,c1
c069,c5
c066,c5
c080,c5
c068,c5
c092,c4
c080,c5
c093,c4
c010,c3
c024,c1
