m1,m2,m3,m4,count
4.4136514663696289,-0.36667290329933167,5.0302329063415527,-0.9331447482109072,43
4.9264636039733887,-0.16533748805522896,5.5928606986999512,-0.78148859739303611,17
5.7186846733093262,0.28975185751914978,5.207674503326416,-0.68857491016387939,37
5.0956695079803467,0.58703956007957447,5.9353721141815186,-0.0015456872060894966,52
NA,NA,NA,NA,0
4.7977151870727539,4.3403511047363281,0.33131670951843262,-0.99178588390350364,33
5.1761598587036133,5.1964747905731201,0.62580084800720237,-0.95010370016098045,34
5.8267917633056641,5.068479061126709,0.1681397557258606,-0.47715288400650047,31
5.7362308502197266,5.3142848014831543,0.040622532367706299,0.38572004437446594,47
5.066680908203125,5.3513741493225098,0.40828505158424377,0.61778536438941956,56
4.7814497947692871,-0.67436710000038147,5.3344802856445312,-0.1472666934132576,62
5.2614164352416992,-0.38732525706291199,4.4704790115356445,-0.50074976682662964,47
5.5408904552459717,-0.0089086242951452732,5.2148241996765137,-0.15505159646272659,32
5.7986016273498535,0.64341431856155396,5.1866855621337891,0.093515157699584961,37
NA,NA,NA,NA,0
4.6732726097106934,4.8665151596069336,0.86067909002304077,-0.24755920469760895,47
5.2478914260864258,4.5739679336547852,0.31702539324760437,-0.22431038320064567,26
5.6626410484313965,5.0784676074981689,-0.36232222616672516,-0.26882745325565338,34
5.245081901550293,5.3983476161956787,-0.10926815122365952,-0.027510780841112137,22
5.0530920028686523,5.8673419952392578,-0.34173198044300079,0.53418025374412537,32
4.8566303253173828,-0.69316720962524414,4.7179079055786133,0.41695183515548717,52
5.0710837841033936,-0.24780157208442688,4.626612663269043,0.052629223093390687,20
5.2563066482543945,0.24287554621696472,4.2741785049438477,0.0022942095529288054,31
4.8038527965545654,0.63410815596580516,4.8809671401977539,-0.27037994563579559,46
NA,NA,NA,NA,0
4.9697501659393311,4.5165824890136719,0.67079013586044312,0.50470566749572754,48
4.9402623176574707,4.627324104309082,0.11079894751310349,0.071394480764865653,29
5.3140664100646973,4.4906721115112305,-0.62246912717819214,-0.37827640771865845,43
4.9676961898803711,5.4248371124267578,-0.73108136653900191,-0.2204641252756121,27
4.5155534744262695,5.8419618606567374,0.1533135324716568,-0.18579572439193726,42
5.1943502426147461,-0.236613929271698,5.4003782272338867,0.96244335174560547,59
5.7305417060852051,-0.073135621845722198,4.4334964752197266,0.61434042453765869,39
4.8084731101989746,0.32163336873054504,4.4791388511657715,0.51964813470840454,55
4.1579725742340088,0.23226983100175858,5.0916228294372559,-0.063262991607188956,68
4.8511030673980713,1.8463648557662964,4.1223709583282471,1.1934441924095154,2
4.608919620513916,4.4705853462219238,0.11095093935728073,0.91401219367980957,39
5.0546560287475586,4.6261391639709473,-0.44714078307151794,0.67078220844268799,37
4.8549103736877441,4.6691994667053223,-0.85459244251251221,0.22357663512229919,39
4.5019149780273438,4.9679694175720215,-0.43705746531486511,-0.31050547957420349,27
4.1643710136413574,5.2414407730102539,-0.043089471757411957,-0.017622435465455055,39
NA,NA,NA,NA,0
NA,NA,NA,NA,0
NA,NA,NA,NA,0
NA,NA,NA,NA,0
NA,NA,NA,NA,0
3.9096059799194336,3.127669095993042,-0.48388129472732544,0.78606170415878296,1
NA,NA,NA,NA,0
3.3391528129577637,4.1255283355712891,-1.3034274578094482,1.2141599655151367,1
3.9908416271209717,3.8360459804534912,-0.094291597604751587,-0.16939385235309601,15
3.8525311946868896,4.6702804565429688,0.10923522897064686,-0.13588536530733109,20
0.96132421493530273,0.18553653359413147,5.6826295852661133,5.1247525215148926,41
0.19964610785245895,0.39342898130416881,5.6748926639556885,4.9250380992889404,28
0.090987175703048706,0.58005273342132568,5.533449649810791,4.368527889251709,21
0.58179461956024148,0.13232358545064926,5.0482401847839355,4.0736844539642334,36
NA,NA,NA,NA,0
0.30470263957977295,0.53584676980972279,0.73288959264755227,0.52401992678642273,32
-0.04357424657791853,0.97462120652198792,0.067427942529320717,0.3112383633852005,24
0.31789897382259369,1.0695964694023132,-0.34328165650367737,-0.055959178134798782,34
0.64946916699409507,1.0348189473152161,0.44224599003791809,-0.43970224261283897,8
NA,NA,NA,NA,0
-0.015695577720180154,0.65876376628875744,5.3521571159362793,5.5189521312713623,44
0.44796770811080933,0.62966924905776989,4.8231825828552246,5.0559272766113281,33
-0.28843787312507629,0.85432308912277222,5.0842862129211426,4.6446876525878906,39
0.12871655821800232,0.28071004152297974,4.564659595489502,4.3715043067932129,33
NA,NA,NA,NA,0
0.14599764719605446,0.57548850774765015,-0.12596679851412773,0.94829389452934265,22
-0.1561598926782608,0.44216597080230713,-0.13282501697540239,0.35112950205802917,25
-0.32338918745517686,0.55303680896759033,-0.4878399521112442,-0.14156530797481537,28
-0.15089143812656403,0.71388176083564747,0.28778877854347229,-0.34292154014110587,32
0.088362947106361389,0.53566390275955211,0.81708282232284546,-0.95723199844360374,25
-0.39488700032234192,0.46322652697563171,4.5005464553833008,5.6903300285339355,35
0.33173434436321259,0.095261868089437485,4.2036945819854736,5.218390464782714,46
-0.44184029102325439,0.17175896465778351,4.4813652038574219,4.9759769439697266,33
-0.66374099254608154,0.23601163923740387,4.5200505256652832,4.4459996223449707,31
-0.40500050783157393,-0.12164840847253799,3.7935926914215088,3.4130849838256836,3
-0.23929436504840851,0.049381248652935028,-0.39925527572631836,1.0896862745285034,29
-0.54788076877594039,0.054780218750238419,-0.6212613582611084,0.36551888287067413,20
-0.87198984622955322,0.13559836149215698,0.19414332509040833,0.041822906583547592,27
-0.60046887397766113,0.084458310157060623,0.065899703651666641,-0.67403760552406311,36
-0.032979865092784166,-0.091900113970041275,0.74364137649536133,-0.49431407451629639,40
-0.56939536333084151,-0.21029773354530334,5.1474132537841797,5.7481341361999512,51
0.16460629552602768,-0.27439925074577309,4.6692166328430176,5.2813599109649658,40
-0.6042473316192627,-0.1722763255238533,5.0873739719390869,5.0973026752471924,40
-0.54408299922943115,-0.25787444412708305,4.8345432281494141,4.3667933940887451,26
NA,NA,NA,NA,0
0.28218206763267517,-0.4797038733959198,-0.060636390000581741,0.91394722461700439,23
-0.89875799417495728,-0.43811988830566406,-0.066030725836753845,0.55152040719985962,19
-0.72761607170104936,-0.32499353587627411,-0.4010252058506012,-0.27745558321475983,44
-0.028973517939448357,-0.088339254260063171,-0.10358043760061264,-0.34448167681694009,29
0.64314693212509155,-0.044051393866539224,0.24930319935083389,-0.28745749592781067,64
0.31550148129463196,-0.80568194389343262,5.4108386039733887,5.6317062377929688,45
0.60015055537223838,-0.59832176566123962,5.1306726932525635,4.9770691394805908,46
-0.10982846468687057,-0.53897470235824607,5.5349454879760742,4.5110869407653809,63
-0.45505145192146346,-0.84134545922279358,4.3384628295898438,4.657092809677124,40
NA,NA,NA,NA,0
0.20232176780700684,-0.51819145679473877,0.57757019996643066,0.32614326477050781,47
-0.10018953680992126,-0.7330508828163147,0.30737185478210449,0.013147272169589996,19
-0.19364774972200438,-0.95374846458435059,-0.40929640829563141,-0.28075327724218369,40
0.39907968044281006,-0.16101700067520142,-0.66625851392746016,-0.2127794623374939,49
1.0763957500457764,-0.33921355009078979,-0.58642268180847168,-0.14945928007364273,42
